Year,Region,Country,TB
2000,Africa,Algeria,8.2
2000,Africa,Angola,67
2000,Africa,Benin,18
2000,Africa,Botswana,52
2000,Africa,Burkina Faso,12
2000,Africa,Burundi,57
2000,Africa,Cameroon,71
2000,Africa,Cabo Verde,8.2
2000,Africa,Central African Republic,157
2000,Africa,Chad,27
2000,Africa,Comoros,8
2000,Africa,Congo,17
2000,Africa,C?te d'Ivoire,79
2000,Africa,Democratic Republic of the Congo,66
2000,Africa,Equatorial Guinea,9
2000,Africa,Eritrea,3.6
2000,Africa,Ethiopia,95
2000,Africa,Gabon,111
2000,Africa,Gambia,25
2000,Africa,Ghana,57
2000,Africa,Guinea,60
2000,Africa,Guinea-Bissau,65
2000,Africa,Kenya,16
2000,Africa,Lesotho,59
2000,Africa,Liberia,81
2000,Africa,Madagascar,77
2000,Africa,Malawi,20
2000,Africa,Mali,14
2000,Africa,Mauritania,54
2000,Africa,Mauritius,0.53
2000,Africa,Mozambique,102
2000,Africa,Namibia,32
2000,Africa,Niger,56
2000,Africa,Nigeria,94
2000,Africa,Rwanda,5.2
2000,Africa,Sao Tome and Principe,21
2000,Africa,Senegal,30
2000,Africa,Seychelles,2.7
2000,Africa,Sierra Leone,88
2000,Africa,South Africa,54
2000,Africa,Swaziland,28
2000,Africa,Togo,6.8
2000,Africa,Uganda,49
2000,Africa,United Republic of Tanzania,77
2000,Africa,Zambia,43
2000,Africa,Zimbabwe,18
2000,Americas,Antigua and Barbuda,1.8
2000,Americas,Argentina,2.4
2000,Americas,Bahamas,2.6
2000,Americas,Barbados,0.38
2000,Americas,Belize,3.7
2000,Americas,Bolivia (Plurinational State of),7.1
2000,Americas,Brazil,4.7
2000,Americas,Canada,0.46
2000,Americas,Chile,3.7
2000,Americas,Colombia,3.3
2000,Americas,Costa Rica,2.1
2000,Americas,Cuba,0.5
2000,Americas,Dominica,3.4
2000,Americas,Dominican Republic,8.9
2000,Americas,Ecuador,14
2000,Americas,El Salvador,2.9
2000,Americas,Grenada,0
2000,Americas,Guatemala,4.9
2000,Americas,Guyana,15
2000,Americas,Haiti,47
2000,Americas,Honduras,2.7
2000,Americas,Jamaica,0.69
2000,Americas,Mexico,3.6
2000,Americas,Nicaragua,6.6
2000,Americas,Panama,6.9
2000,Americas,Paraguay,4.5
2000,Americas,Peru,14
2000,Americas,Saint Kitts and Nevis,2.4
2000,Americas,Saint Lucia,0.81
2000,Americas,Saint Vincent and the Grenadines,3.3
2000,Americas,Suriname,1.2
2000,Americas,Trinidad and Tobago,2.2
2000,Americas,United States of America,0.33
2000,Americas,Uruguay,2.3
2000,Americas,Venezuela (Bolivarian Republic of),2.9
2000,South-East Asia,Bangladesh,74
2000,South-East Asia,Bhutan,27
2000,South-East Asia,Democratic People's Republic of Korea,21
2000,South-East Asia,India,56
2000,South-East Asia,Indonesia,54
2000,South-East Asia,Maldives,5.2
2000,South-East Asia,Myanmar,137
2000,South-East Asia,Nepal,20
2000,South-East Asia,Sri Lanka,10
2000,South-East Asia,Thailand,24
2000,Europe,Albania,0.87
2000,Europe,Andorra,1.7
2000,Europe,Armenia,6.3
2000,Europe,Austria,0.93
2000,Europe,Azerbaijan,22
2000,Europe,Belarus,8.1
2000,Europe,Belgium,1
2000,Europe,Bosnia and Herzegovina,7.9
2000,Europe,Bulgaria,4.4
2000,Europe,Croatia,4.2
2000,Europe,Cyprus,0
2000,Europe,Czechia,1.2
2000,Europe,Denmark,0.75
2000,Europe,Estonia,7.9
2000,Europe,Finland,2.5
2000,Europe,France,2
2000,Europe,Georgia,7.7
2000,Europe,Germany,0.76
2000,Europe,Greece,0.82
2000,Europe,Hungary,3.8
2000,Europe,Iceland,0.73
2000,Europe,Ireland,1.4
2000,Europe,Israel,1.3
2000,Europe,Italy,0.93
2000,Europe,Kazakhstan,32
2000,Europe,Kyrgyzstan,25
2000,Europe,Latvia,13
2000,Europe,Lithuania,11
2000,Europe,Luxembourg,0.71
2000,Europe,Malta,0.79
2000,Europe,Monaco,0
2000,Europe,Netherlands,0.61
2000,Europe,Norway,1.2
2000,Europe,Poland,3.1
2000,Europe,Portugal,3.8
2000,Europe,Republic of Moldova,17
2000,Europe,Romania,9.6
2000,Europe,Russian Federation,21
2000,Europe,San Marino,0
2000,Europe,Slovakia,1
2000,Europe,Slovenia,1.1
2000,Europe,Spain,1.3
2000,Europe,Sweden,0.8
2000,Europe,Switzerland,0.65
2000,Europe,Tajikistan,20
2000,Europe,The former Yugoslav republic of Macedonia,5.2
2000,Europe,Turkey,3.2
2000,Europe,Turkmenistan,41
2000,Europe,Ukraine,23
2000,Europe,United Kingdom of Great Britain and Northern Ireland,0.89
2000,Europe,Uzbekistan,18
2000,Eastern Mediterranean,Afghanistan,67
2000,Eastern Mediterranean,Bahrain,2.6
2000,Eastern Mediterranean,Djibouti,64
2000,Eastern Mediterranean,Egypt,1.6
2000,Eastern Mediterranean,Iran (Islamic Republic of),2.4
2000,Eastern Mediterranean,Iraq,3.8
2000,Eastern Mediterranean,Jordan,0.72
2000,Eastern Mediterranean,Kuwait,1.3
2000,Eastern Mediterranean,Lebanon,1.6
2000,Eastern Mediterranean,Libya,7.1
2000,Eastern Mediterranean,Morocco,14
2000,Eastern Mediterranean,Oman,0.95
2000,Eastern Mediterranean,Pakistan,69
2000,Eastern Mediterranean,Qatar,1.7
2000,Eastern Mediterranean,Saudi Arabia,3.6
2000,Eastern Mediterranean,Somalia,89
2000,Eastern Mediterranean,Sudan,26
2000,Eastern Mediterranean,Syrian Arab Republic,0.48
2000,Eastern Mediterranean,Tunisia,2.8
2000,Eastern Mediterranean,United Arab Emirates,6.4
2000,Eastern Mediterranean,Yemen,19
2000,Western Pacific,Australia,0.29
2000,Western Pacific,Brunei Darussalam,4.9
2000,Western Pacific,Cambodia,161
2000,Western Pacific,China,8.7
2000,Western Pacific,Cook Islands,0.53
2000,Western Pacific,Fiji,1.6
2000,Western Pacific,Japan,4.1
2000,Western Pacific,Kiribati,15
2000,Western Pacific,Lao People's Democratic Republic,124
2000,Western Pacific,Malaysia,7.3
2000,Western Pacific,Marshall Islands,9
2000,Western Pacific,Micronesia (Federated States of),12
2000,Western Pacific,Mongolia,18
2000,Western Pacific,Nauru,3.8
2000,Western Pacific,New Zealand,0.66
2000,Western Pacific,Niue,0
2000,Western Pacific,Palau,5.3
2000,Western Pacific,Papua New Guinea,93
2000,Western Pacific,Philippines,40
2000,Western Pacific,Republic of Korea,8.9
2000,Western Pacific,Samoa,2.3
2000,Western Pacific,Singapore,3.2
2000,Western Pacific,Solomon Islands,10
2000,Western Pacific,Tonga,2.3
2000,Western Pacific,Tuvalu,16
2000,Western Pacific,Vanuatu,14
2000,Western Pacific,Viet Nam,34
2001,Africa,Algeria,7.9
2001,Africa,Angola,59
2001,Africa,Benin,18
2001,Africa,Botswana,47
2001,Africa,Burkina Faso,12
2001,Africa,Burundi,52
2001,Africa,Cameroon,64
2001,Africa,Cabo Verde,7.9
2001,Africa,Central African Republic,149
2001,Africa,Chad,27
2001,Africa,Comoros,6.5
2001,Africa,Congo,21
2001,Africa,C?te d'Ivoire,72
2001,Africa,Democratic Republic of the Congo,64
2001,Africa,Equatorial Guinea,9.2
2001,Africa,Eritrea,31
2001,Africa,Ethiopia,92
2001,Africa,Gabon,105
2001,Africa,Gambia,24
2001,Africa,Ghana,56
2001,Africa,Guinea,58
2001,Africa,Guinea-Bissau,64
2001,Africa,Kenya,17
2001,Africa,Lesotho,84
2001,Africa,Liberia,80
2001,Africa,Madagascar,75
2001,Africa,Malawi,20
2001,Africa,Mali,14
2001,Africa,Mauritania,49
2001,Africa,Mauritius,0.78
2001,Africa,Mozambique,100
2001,Africa,Namibia,37
2001,Africa,Niger,51
2001,Africa,Nigeria,91
2001,Africa,Rwanda,7.7
2001,Africa,Sao Tome and Principe,21
2001,Africa,Senegal,29
2001,Africa,Seychelles,2.6
2001,Africa,Sierra Leone,82
2001,Africa,South Africa,57
2001,Africa,Swaziland,37
2001,Africa,Togo,6.8
2001,Africa,Uganda,43
2001,Africa,United Republic of Tanzania,75
2001,Africa,Zambia,45
2001,Africa,Zimbabwe,17
2001,Americas,Antigua and Barbuda,1.5
2001,Americas,Argentina,2.3
2001,Americas,Bahamas,1.7
2001,Americas,Barbados,0.5
2001,Americas,Belize,8.4
2001,Americas,Bolivia (Plurinational State of),6.3
2001,Americas,Brazil,4.5
2001,Americas,Canada,0.47
2001,Americas,Chile,4.3
2001,Americas,Colombia,3.5
2001,Americas,Costa Rica,2.2
2001,Americas,Cuba,0.36
2001,Americas,Dominica,1.6
2001,Americas,Dominican Republic,8.1
2001,Americas,Ecuador,12
2001,Americas,El Salvador,2.4
2001,Americas,Grenada,1.5
2001,Americas,Guatemala,4.6
2001,Americas,Guyana,14
2001,Americas,Haiti,50
2001,Americas,Honduras,5
2001,Americas,Jamaica,0.51
2001,Americas,Mexico,3.6
2001,Americas,Nicaragua,6.5
2001,Americas,Panama,6.8
2001,Americas,Paraguay,3.9
2001,Americas,Peru,12
2001,Americas,Saint Kitts and Nevis,2.4
2001,Americas,Saint Lucia,0.68
2001,Americas,Saint Vincent and the Grenadines,2
2001,Americas,Suriname,2.3
2001,Americas,Trinidad and Tobago,1.4
2001,Americas,United States of America,0.32
2001,Americas,Uruguay,2.2
2001,Americas,Venezuela (Bolivarian Republic of),3.2
2001,South-East Asia,Bangladesh,74
2001,South-East Asia,Bhutan,24
2001,South-East Asia,Democratic People's Republic of Korea,17
2001,South-East Asia,India,56
2001,South-East Asia,Indonesia,53
2001,South-East Asia,Maldives,6.7
2001,South-East Asia,Myanmar,127
2001,South-East Asia,Nepal,20
2001,South-East Asia,Sri Lanka,9.8
2001,South-East Asia,Thailand,23
2001,Europe,Albania,0.76
2001,Europe,Andorra,1.4
2001,Europe,Armenia,6
2001,Europe,Austria,0.7
2001,Europe,Azerbaijan,20
2001,Europe,Belarus,9.2
2001,Europe,Belgium,1
2001,Europe,Bosnia and Herzegovina,6.6
2001,Europe,Bulgaria,4
2001,Europe,Croatia,3.4
2001,Europe,Cyprus,0.09
2001,Europe,Czechia,0.92
2001,Europe,Denmark,0.74
2001,Europe,Estonia,7.4
2001,Europe,Finland,1.9
2001,Europe,France,1.9
2001,Europe,Georgia,6.9
2001,Europe,Germany,0.67
2001,Europe,Greece,1
2001,Europe,Hungary,3.7
2001,Europe,Iceland,1.1
2001,Europe,Ireland,0.83
2001,Europe,Israel,0.89
2001,Europe,Italy,0.81
2001,Europe,Kazakhstan,29
2001,Europe,Kyrgyzstan,28
2001,Europe,Latvia,13
2001,Europe,Lithuania,10
2001,Europe,Luxembourg,1.2
2001,Europe,Malta,0.52
2001,Europe,Monaco,0
2001,Europe,Netherlands,0.58
2001,Europe,Norway,1.2
2001,Europe,Poland,3
2001,Europe,Portugal,3.8
2001,Europe,Republic of Moldova,15
2001,Europe,Romania,11
2001,Europe,Russian Federation,21
2001,Europe,San Marino,0
2001,Europe,Slovakia,1.1
2001,Europe,Slovenia,1.4
2001,Europe,Spain,1.2
2001,Europe,Sweden,0.99
2001,Europe,Switzerland,0.55
2001,Europe,Tajikistan,20
2001,Europe,The former Yugoslav republic of Macedonia,4.6
2001,Europe,Turkey,2.7
2001,Europe,Turkmenistan,43
2001,Europe,Ukraine,24
2001,Europe,United Kingdom of Great Britain and Northern Ireland,0.86
2001,Europe,Uzbekistan,18
2001,Eastern Mediterranean,Afghanistan,61
2001,Eastern Mediterranean,Bahrain,1.8
2001,Eastern Mediterranean,Djibouti,67
2001,Eastern Mediterranean,Egypt,1.6
2001,Eastern Mediterranean,Iran (Islamic Republic of),2.4
2001,Eastern Mediterranean,Iraq,3.7
2001,Eastern Mediterranean,Jordan,0.79
2001,Eastern Mediterranean,Kuwait,1.4
2001,Eastern Mediterranean,Lebanon,1.3
2001,Eastern Mediterranean,Libya,5.6
2001,Eastern Mediterranean,Morocco,12
2001,Eastern Mediterranean,Oman,0.85
2001,Eastern Mediterranean,Pakistan,70
2001,Eastern Mediterranean,Qatar,1.7
2001,Eastern Mediterranean,Saudi Arabia,3.3
2001,Eastern Mediterranean,Somalia,84
2001,Eastern Mediterranean,Sudan,27
2001,Eastern Mediterranean,Syrian Arab Republic,0.43
2001,Eastern Mediterranean,Tunisia,2.6
2001,Eastern Mediterranean,United Arab Emirates,7.1
2001,Eastern Mediterranean,Yemen,19
2001,Western Pacific,Australia,0.45
2001,Western Pacific,Brunei Darussalam,4.2
2001,Western Pacific,Cambodia,153
2001,Western Pacific,China,8
2001,Western Pacific,Cook Islands,1
2001,Western Pacific,Fiji,2.1
2001,Western Pacific,Japan,3.8
2001,Western Pacific,Kiribati,13
2001,Western Pacific,Lao People's Democratic Republic,117
2001,Western Pacific,Malaysia,7.8
2001,Western Pacific,Marshall Islands,15
2001,Western Pacific,Micronesia (Federated States of),13
2001,Western Pacific,Mongolia,20
2001,Western Pacific,Nauru,2.8
2001,Western Pacific,New Zealand,0.28
2001,Western Pacific,Niue,0
2001,Western Pacific,Palau,5.3
2001,Western Pacific,Papua New Guinea,80
2001,Western Pacific,Philippines,39
2001,Western Pacific,Republic of Korea,8.2
2001,Western Pacific,Samoa,1.2
2001,Western Pacific,Singapore,2.9
2001,Western Pacific,Solomon Islands,9.5
2001,Western Pacific,Tonga,1.2
2001,Western Pacific,Tuvalu,16
2001,Western Pacific,Vanuatu,16
2001,Western Pacific,Viet Nam,32
2002,Africa,Algeria,8.1
2002,Africa,Angola,48
2002,Africa,Benin,16
2002,Africa,Botswana,40
2002,Africa,Burkina Faso,12
2002,Africa,Burundi,47
2002,Africa,Cameroon,66
2002,Africa,Cabo Verde,9.5
2002,Africa,Central African Republic,131
2002,Africa,Chad,26
2002,Africa,Comoros,8.4
2002,Africa,Congo,26
2002,Africa,C?te d'Ivoire,68
2002,Africa,Democratic Republic of the Congo,63
2002,Africa,Equatorial Guinea,9.3
2002,Africa,Eritrea,31
2002,Africa,Ethiopia,82
2002,Africa,Gabon,121
2002,Africa,Gambia,22
2002,Africa,Ghana,56
2002,Africa,Guinea,56
2002,Africa,Guinea-Bissau,63
2002,Africa,Kenya,19
2002,Africa,Lesotho,74
2002,Africa,Liberia,62
2002,Africa,Madagascar,72
2002,Africa,Malawi,20
2002,Africa,Mali,14
2002,Africa,Mauritania,43
2002,Africa,Mauritius,0.77
2002,Africa,Mozambique,94
2002,Africa,Namibia,37
2002,Africa,Niger,47
2002,Africa,Nigeria,95
2002,Africa,Rwanda,7.4
2002,Africa,Sao Tome and Principe,21
2002,Africa,Senegal,29
2002,Africa,Seychelles,5
2002,Africa,Sierra Leone,83
2002,Africa,South Africa,56
2002,Africa,Swaziland,41
2002,Africa,Togo,7
2002,Africa,Uganda,38
2002,Africa,United Republic of Tanzania,78
2002,Africa,Zambia,33
2002,Africa,Zimbabwe,16
2002,Americas,Antigua and Barbuda,1.6
2002,Americas,Argentina,2.4
2002,Americas,Bahamas,1.4
2002,Americas,Barbados,0.38
2002,Americas,Belize,6.6
2002,Americas,Bolivia (Plurinational State of),6.3
2002,Americas,Brazil,4.2
2002,Americas,Canada,0.46
2002,Americas,Chile,4.1
2002,Americas,Colombia,3.4
2002,Americas,Costa Rica,2.2
2002,Americas,Cuba,0.35
2002,Americas,Dominica,1.6
2002,Americas,Dominican Republic,4.5
2002,Americas,Ecuador,11
2002,Americas,El Salvador,2.6
2002,Americas,Grenada,1.1
2002,Americas,Guatemala,3.9
2002,Americas,Guyana,21
2002,Americas,Haiti,46
2002,Americas,Honduras,5.2
2002,Americas,Jamaica,0.66
2002,Americas,Mexico,3.3
2002,Americas,Nicaragua,5.3
2002,Americas,Panama,6.4
2002,Americas,Paraguay,4.1
2002,Americas,Peru,11
2002,Americas,Saint Kitts and Nevis,2.8
2002,Americas,Saint Lucia,0.71
2002,Americas,Saint Vincent and the Grenadines,1
2002,Americas,Suriname,1.3
2002,Americas,Trinidad and Tobago,1.9
2002,Americas,United States of America,0.32
2002,Americas,Uruguay,1.8
2002,Americas,Venezuela (Bolivarian Republic of),2.9
2002,South-East Asia,Bangladesh,72
2002,South-East Asia,Bhutan,24
2002,South-East Asia,Democratic People's Republic of Korea,24
2002,South-East Asia,India,56
2002,South-East Asia,Indonesia,52
2002,South-East Asia,Maldives,9.7
2002,South-East Asia,Myanmar,116
2002,South-East Asia,Nepal,20
2002,South-East Asia,Sri Lanka,9.3
2002,South-East Asia,Thailand,23
2002,South-East Asia,Timor-Leste,91
2002,Europe,Albania,0.74
2002,Europe,Andorra,0.67
2002,Europe,Armenia,8.6
2002,Europe,Austria,0.82
2002,Europe,Azerbaijan,18
2002,Europe,Belarus,11
2002,Europe,Belgium,0.8
2002,Europe,Bosnia and Herzegovina,9.8
2002,Europe,Bulgaria,3.8
2002,Europe,Croatia,4.2
2002,Europe,Cyprus,0.19
2002,Europe,Czechia,0.82
2002,Europe,Denmark,0.69
2002,Europe,Estonia,6.6
2002,Europe,Finland,1.9
2002,Europe,France,1.7
2002,Europe,Georgia,6.9
2002,Europe,Germany,0.64
2002,Europe,Greece,0.85
2002,Europe,Hungary,3.2
2002,Europe,Iceland,1.4
2002,Europe,Ireland,1
2002,Europe,Israel,0.94
2002,Europe,Italy,0.79
2002,Europe,Kazakhstan,30
2002,Europe,Kyrgyzstan,24
2002,Europe,Latvia,9.6
2002,Europe,Lithuania,9.9
2002,Europe,Luxembourg,0.71
2002,Europe,Malta,0.77
2002,Europe,Monaco,0
2002,Europe,Netherlands,0.49
2002,Europe,Norway,0.77
2002,Europe,Poland,2.6
2002,Europe,Portugal,3.7
2002,Europe,Republic of Moldova,16
2002,Europe,Romania,11
2002,Europe,Russian Federation,23
2002,Europe,San Marino,0
2002,Europe,Slovakia,1.2
2002,Europe,Slovenia,1.2
2002,Europe,Spain,1.2
2002,Europe,Sweden,1.1
2002,Europe,Switzerland,0.48
2002,Europe,Tajikistan,17
2002,Europe,The former Yugoslav republic of Macedonia,3.9
2002,Europe,Turkey,2.2
2002,Europe,Turkmenistan,44
2002,Europe,Ukraine,21
2002,Europe,United Kingdom of Great Britain and Northern Ireland,0.87
2002,Europe,Uzbekistan,18
2002,Eastern Mediterranean,Afghanistan,55
2002,Eastern Mediterranean,Bahrain,1.5
2002,Eastern Mediterranean,Djibouti,50
2002,Eastern Mediterranean,Egypt,1.5
2002,Eastern Mediterranean,Iran (Islamic Republic of),2.3
2002,Eastern Mediterranean,Iraq,3.6
2002,Eastern Mediterranean,Jordan,0.71
2002,Eastern Mediterranean,Kuwait,1.8
2002,Eastern Mediterranean,Lebanon,1.1
2002,Eastern Mediterranean,Libya,3.9
2002,Eastern Mediterranean,Morocco,7.6
2002,Eastern Mediterranean,Oman,0.82
2002,Eastern Mediterranean,Pakistan,70
2002,Eastern Mediterranean,Qatar,1.2
2002,Eastern Mediterranean,Saudi Arabia,3.3
2002,Eastern Mediterranean,Somalia,82
2002,Eastern Mediterranean,Sudan,26
2002,Eastern Mediterranean,Syrian Arab Republic,0.4
2002,Eastern Mediterranean,Tunisia,2.5
2002,Eastern Mediterranean,United Arab Emirates,2.8
2002,Eastern Mediterranean,Yemen,19
2002,Western Pacific,Australia,0.35
2002,Western Pacific,Brunei Darussalam,3.1
2002,Western Pacific,Cambodia,144
2002,Western Pacific,China,7.3
2002,Western Pacific,Cook Islands,0.52
2002,Western Pacific,Fiji,2.3
2002,Western Pacific,Japan,3.6
2002,Western Pacific,Kiribati,14
2002,Western Pacific,Lao People's Democratic Republic,110
2002,Western Pacific,Malaysia,7
2002,Western Pacific,Marshall Islands,13
2002,Western Pacific,Micronesia (Federated States of),16
2002,Western Pacific,Mongolia,22
2002,Western Pacific,Nauru,4.7
2002,Western Pacific,New Zealand,0.41
2002,Western Pacific,Niue,20
2002,Western Pacific,Palau,5.3
2002,Western Pacific,Papua New Guinea,90
2002,Western Pacific,Philippines,40
2002,Western Pacific,Republic of Korea,8.4
2002,Western Pacific,Samoa,1.7
2002,Western Pacific,Singapore,2.6
2002,Western Pacific,Solomon Islands,8.1
2002,Western Pacific,Tonga,2.8
2002,Western Pacific,Tuvalu,13
2002,Western Pacific,Vanuatu,8.9
2002,Western Pacific,Viet Nam,31
2003,Africa,Algeria,8.3
2003,Africa,Angola,43
2003,Africa,Benin,15
2003,Africa,Botswana,39
2003,Africa,Burkina Faso,12
2003,Africa,Burundi,42
2003,Africa,Cameroon,59
2003,Africa,Cabo Verde,7.4
2003,Africa,Central African Republic,125
2003,Africa,Chad,28
2003,Africa,Comoros,11
2003,Africa,Congo,46
2003,Africa,C?te d'Ivoire,61
2003,Africa,Democratic Republic of the Congo,59
2003,Africa,Equatorial Guinea,9.1
2003,Africa,Eritrea,26
2003,Africa,Ethiopia,76
2003,Africa,Gabon,123
2003,Africa,Gambia,21
2003,Africa,Ghana,55
2003,Africa,Guinea,53
2003,Africa,Guinea-Bissau,64
2003,Africa,Kenya,16
2003,Africa,Lesotho,64
2003,Africa,Liberia,77
2003,Africa,Madagascar,66
2003,Africa,Malawi,20
2003,Africa,Mali,13
2003,Africa,Mauritania,38
2003,Africa,Mauritius,0.94
2003,Africa,Mozambique,90
2003,Africa,Namibia,40
2003,Africa,Niger,39
2003,Africa,Nigeria,95
2003,Africa,Rwanda,6.3
2003,Africa,Sao Tome and Principe,17
2003,Africa,Senegal,25
2003,Africa,Seychelles,0
2003,Africa,Sierra Leone,81
2003,Africa,South Africa,57
2003,Africa,Swaziland,41
2003,Africa,Togo,7.7
2003,Africa,Uganda,35
2003,Africa,United Republic of Tanzania,77
2003,Africa,Zambia,27
2003,Africa,Zimbabwe,18
2003,Americas,Antigua and Barbuda,1.5
2003,Americas,Argentina,2.2
2003,Americas,Bahamas,1.1
2003,Americas,Barbados,0.38
2003,Americas,Belize,5.7
2003,Americas,Bolivia (Plurinational State of),4.2
2003,Americas,Brazil,4
2003,Americas,Canada,0.41
2003,Americas,Chile,4.2
2003,Americas,Colombia,3.4
2003,Americas,Costa Rica,2.1
2003,Americas,Cuba,0.48
2003,Americas,Dominica,3.1
2003,Americas,Dominican Republic,9.3
2003,Americas,Ecuador,9.5
2003,Americas,El Salvador,1.7
2003,Americas,Grenada,1.1
2003,Americas,Guatemala,3.6
2003,Americas,Guyana,19
2003,Americas,Haiti,41
2003,Americas,Honduras,4.9
2003,Americas,Jamaica,1.2
2003,Americas,Mexico,3.3
2003,Americas,Nicaragua,6.4
2003,Americas,Panama,6.9
2003,Americas,Paraguay,4.3
2003,Americas,Peru,11
2003,Americas,Saint Kitts and Nevis,3
2003,Americas,Saint Lucia,1.3
2003,Americas,Saint Vincent and the Grenadines,5.9
2003,Americas,Suriname,2.5
2003,Americas,Trinidad and Tobago,1.6
2003,Americas,United States of America,0.28
2003,Americas,Uruguay,2.3
2003,Americas,Venezuela (Bolivarian Republic of),3.1
2003,South-East Asia,Bangladesh,71
2003,South-East Asia,Bhutan,22
2003,South-East Asia,Democratic People's Republic of Korea,29
2003,South-East Asia,India,55
2003,South-East Asia,Indonesia,51
2003,South-East Asia,Maldives,2.8
2003,South-East Asia,Myanmar,102
2003,South-East Asia,Nepal,16
2003,South-East Asia,Sri Lanka,9.6
2003,South-East Asia,Thailand,22
2003,South-East Asia,Timor-Leste,77
2003,Europe,Albania,0.69
2003,Europe,Andorra,1.4
2003,Europe,Armenia,8
2003,Europe,Austria,0.56
2003,Europe,Azerbaijan,17
2003,Europe,Belarus,12
2003,Europe,Belgium,0.91
2003,Europe,Bosnia and Herzegovina,8.6
2003,Europe,Bulgaria,3.7
2003,Europe,Croatia,3.7
2003,Europe,Cyprus,0.28
2003,Europe,Czechia,0.8
2003,Europe,Denmark,0.51
2003,Europe,Estonia,7.2
2003,Europe,Finland,1.6
2003,Europe,France,1.7
2003,Europe,Georgia,6.9
2003,Europe,Germany,0.64
2003,Europe,Greece,1.1
2003,Europe,Hungary,3
2003,Europe,Iceland,2.4
2003,Europe,Ireland,0.93
2003,Europe,Israel,0.77
2003,Europe,Italy,0.87
2003,Europe,Kazakhstan,28
2003,Europe,Kyrgyzstan,22
2003,Europe,Latvia,10
2003,Europe,Lithuania,10
2003,Europe,Luxembourg,1.2
2003,Europe,Malta,0.26
2003,Europe,Monaco,0.03
2003,Europe,Netherlands,0.47
2003,Europe,Norway,1.2
2003,Europe,Poland,2.6
2003,Europe,Portugal,3.7
2003,Europe,Republic of Moldova,15
2003,Europe,Romania,10
2003,Europe,Russian Federation,23
2003,Europe,San Marino,0
2003,Europe,Slovakia,1.2
2003,Europe,Slovenia,1.5
2003,Europe,Spain,1.1
2003,Europe,Sweden,0.66
2003,Europe,Switzerland,0.39
2003,Europe,Tajikistan,17
2003,Europe,The former Yugoslav republic of Macedonia,4.2
2003,Europe,Turkey,1.8
2003,Europe,Turkmenistan,38
2003,Europe,Ukraine,23
2003,Europe,United Kingdom of Great Britain and Northern Ireland,0.87
2003,Europe,Uzbekistan,17
2003,Eastern Mediterranean,Afghanistan,56
2003,Eastern Mediterranean,Bahrain,0.29
2003,Eastern Mediterranean,Djibouti,50
2003,Eastern Mediterranean,Egypt,1.5
2003,Eastern Mediterranean,Iran (Islamic Republic of),2.1
2003,Eastern Mediterranean,Iraq,3.4
2003,Eastern Mediterranean,Jordan,0.71
2003,Eastern Mediterranean,Kuwait,1.1
2003,Eastern Mediterranean,Lebanon,0.9
2003,Eastern Mediterranean,Libya,3.5
2003,Eastern Mediterranean,Morocco,11
2003,Eastern Mediterranean,Oman,0.7
2003,Eastern Mediterranean,Pakistan,70
2003,Eastern Mediterranean,Qatar,0.7
2003,Eastern Mediterranean,Saudi Arabia,3.1
2003,Eastern Mediterranean,Somalia,74
2003,Eastern Mediterranean,Sudan,25
2003,Eastern Mediterranean,Syrian Arab Republic,0.29
2003,Eastern Mediterranean,Tunisia,2.6
2003,Eastern Mediterranean,United Arab Emirates,0.76
2003,Eastern Mediterranean,Yemen,19
2003,Western Pacific,Australia,0.27
2003,Western Pacific,Brunei Darussalam,2.7
2003,Western Pacific,Cambodia,134
2003,Western Pacific,China,6.7
2003,Western Pacific,Cook Islands,0
2003,Western Pacific,Fiji,3.4
2003,Western Pacific,Japan,3.5
2003,Western Pacific,Kiribati,19
2003,Western Pacific,Lao People's Democratic Republic,104
2003,Western Pacific,Malaysia,6.7
2003,Western Pacific,Marshall Islands,16
2003,Western Pacific,Micronesia (Federated States of),14
2003,Western Pacific,Mongolia,22
2003,Western Pacific,Nauru,2.8
2003,Western Pacific,New Zealand,0.67
2003,Western Pacific,Niue,0
2003,Western Pacific,Palau,4.3
2003,Western Pacific,Papua New Guinea,82
2003,Western Pacific,Philippines,37
2003,Western Pacific,Republic of Korea,8.5
2003,Western Pacific,Samoa,1.4
2003,Western Pacific,Singapore,2.3
2003,Western Pacific,Solomon Islands,9
2003,Western Pacific,Tonga,1.5
2003,Western Pacific,Tuvalu,31
2003,Western Pacific,Vanuatu,8.7
2003,Western Pacific,Viet Nam,30
2004,Africa,Algeria,8.3
2004,Africa,Angola,51
2004,Africa,Benin,14
2004,Africa,Botswana,33
2004,Africa,Burkina Faso,12
2004,Africa,Burundi,38
2004,Africa,Cameroon,57
2004,Africa,Cabo Verde,7.7
2004,Africa,Central African Republic,117
2004,Africa,Chad,27
2004,Africa,Comoros,9.7
2004,Africa,Congo,38
2004,Africa,C?te d'Ivoire,52
2004,Africa,Democratic Republic of the Congo,53
2004,Africa,Equatorial Guinea,8.9
2004,Africa,Eritrea,24
2004,Africa,Ethiopia,70
2004,Africa,Gabon,118
2004,Africa,Gambia,18
2004,Africa,Ghana,55
2004,Africa,Guinea,50
2004,Africa,Guinea-Bissau,62
2004,Africa,Kenya,17
2004,Africa,Lesotho,76
2004,Africa,Liberia,57
2004,Africa,Madagascar,64
2004,Africa,Malawi,21
2004,Africa,Mali,13
2004,Africa,Mauritania,34
2004,Africa,Mauritius,1.3
2004,Africa,Mozambique,88
2004,Africa,Namibia,42
2004,Africa,Niger,38
2004,Africa,Nigeria,93
2004,Africa,Rwanda,7.6
2004,Africa,Sao Tome and Principe,13
2004,Africa,Senegal,26
2004,Africa,Seychelles,0
2004,Africa,Sierra Leone,80
2004,Africa,South Africa,56
2004,Africa,Swaziland,46
2004,Africa,Togo,7.8
2004,Africa,Uganda,31
2004,Africa,United Republic of Tanzania,80
2004,Africa,Zambia,28
2004,Africa,Zimbabwe,19
2004,Americas,Antigua and Barbuda,1.4
2004,Americas,Argentina,2
2004,Americas,Bahamas,2.1
2004,Americas,Barbados,0.75
2004,Americas,Belize,3
2004,Americas,Bolivia (Plurinational State of),4
2004,Americas,Brazil,3.9
2004,Americas,Canada,0.32
2004,Americas,Chile,4.4
2004,Americas,Colombia,3.3
2004,Americas,Costa Rica,1.9
2004,Americas,Cuba,0.4
2004,Americas,Dominica,1.5
2004,Americas,Dominican Republic,9.1
2004,Americas,Ecuador,8.9
2004,Americas,El Salvador,2.2
2004,Americas,Grenada,2.1
2004,Americas,Guatemala,3.3
2004,Americas,Guyana,27
2004,Americas,Haiti,40
2004,Americas,Honduras,4.6
2004,Americas,Jamaica,0.64
2004,Americas,Mexico,2.7
2004,Americas,Nicaragua,5.8
2004,Americas,Panama,6.1
2004,Americas,Paraguay,5
2004,Americas,Peru,10
2004,Americas,Saint Kitts and Nevis,2.1
2004,Americas,Saint Lucia,4
2004,Americas,Saint Vincent and the Grenadines,5.9
2004,Americas,Suriname,1.3
2004,Americas,Trinidad and Tobago,1.8
2004,Americas,United States of America,0.26
2004,Americas,Uruguay,2.6
2004,Americas,Venezuela (Bolivarian Republic of),2.9
2004,South-East Asia,Bangladesh,69
2004,South-East Asia,Bhutan,21
2004,South-East Asia,Democratic People's Republic of Korea,26
2004,South-East Asia,India,52
2004,South-East Asia,Indonesia,50
2004,South-East Asia,Maldives,0.95
2004,South-East Asia,Myanmar,86
2004,South-East Asia,Nepal,18
2004,South-East Asia,Sri Lanka,8.4
2004,South-East Asia,Thailand,21
2004,South-East Asia,Timor-Leste,60
2004,Europe,Albania,0.97
2004,Europe,Andorra,0.84
2004,Europe,Armenia,8.2
2004,Europe,Austria,0.55
2004,Europe,Azerbaijan,14
2004,Europe,Belarus,11
2004,Europe,Belgium,0.7
2004,Europe,Bosnia and Herzegovina,4.7
2004,Europe,Bulgaria,3.7
2004,Europe,Croatia,3.8
2004,Europe,Cyprus,0.37
2004,Europe,Czechia,0.68
2004,Europe,Denmark,0.74
2004,Europe,Estonia,7.6
2004,Europe,Finland,1.3
2004,Europe,France,1.5
2004,Europe,Georgia,6.9
2004,Europe,Germany,0.56
2004,Europe,Greece,0.74
2004,Europe,Hungary,3
2004,Europe,Iceland,1.4
2004,Europe,Ireland,0.98
2004,Europe,Israel,0.65
2004,Europe,Italy,0.82
2004,Europe,Kazakhstan,26
2004,Europe,Kyrgyzstan,21
2004,Europe,Latvia,8.6
2004,Europe,Lithuania,9.2
2004,Europe,Luxembourg,0.7
2004,Europe,Malta,0.54
2004,Europe,Monaco,0.06
2004,Europe,Netherlands,0.5
2004,Europe,Norway,1
2004,Europe,Poland,2.4
2004,Europe,Portugal,3.5
2004,Europe,Republic of Moldova,17
2004,Europe,Romania,9.7
2004,Europe,Russian Federation,22
2004,Europe,San Marino,0
2004,Europe,Slovakia,0.98
2004,Europe,Slovenia,0.62
2004,Europe,Spain,1.1
2004,Europe,Sweden,0.56
2004,Europe,Switzerland,0.4
2004,Europe,Tajikistan,15
2004,Europe,The former Yugoslav republic of Macedonia,3
2004,Europe,Turkey,1.1
2004,Europe,Turkmenistan,40
2004,Europe,Ukraine,24
2004,Europe,United Kingdom of Great Britain and Northern Ireland,0.78
2004,Europe,Uzbekistan,15
2004,Eastern Mediterranean,Afghanistan,50
2004,Eastern Mediterranean,Bahrain,1.2
2004,Eastern Mediterranean,Djibouti,45
2004,Eastern Mediterranean,Egypt,1.2
2004,Eastern Mediterranean,Iran (Islamic Republic of),2
2004,Eastern Mediterranean,Iraq,3.3
2004,Eastern Mediterranean,Jordan,0.7
2004,Eastern Mediterranean,Kuwait,1.4
2004,Eastern Mediterranean,Lebanon,0.89
2004,Eastern Mediterranean,Libya,5.6
2004,Eastern Mediterranean,Morocco,12
2004,Eastern Mediterranean,Oman,0.79
2004,Eastern Mediterranean,Pakistan,69
2004,Eastern Mediterranean,Qatar,0.2
2004,Eastern Mediterranean,Saudi Arabia,3
2004,Eastern Mediterranean,Somalia,64
2004,Eastern Mediterranean,Sudan,23
2004,Eastern Mediterranean,Syrian Arab Republic,0.23
2004,Eastern Mediterranean,Tunisia,2.6
2004,Eastern Mediterranean,United Arab Emirates,0.9
2004,Eastern Mediterranean,Yemen,17
2004,Western Pacific,Australia,0.32
2004,Western Pacific,Brunei Darussalam,3.5
2004,Western Pacific,Cambodia,122
2004,Western Pacific,China,6.2
2004,Western Pacific,Cook Islands,0.5
2004,Western Pacific,Fiji,4.1
2004,Western Pacific,Japan,3.5
2004,Western Pacific,Kiribati,21
2004,Western Pacific,Lao People's Democratic Republic,96
2004,Western Pacific,Malaysia,6.4
2004,Western Pacific,Marshall Islands,31
2004,Western Pacific,Micronesia (Federated States of),15
2004,Western Pacific,Mongolia,25
2004,Western Pacific,Nauru,5.4
2004,Western Pacific,New Zealand,0.74
2004,Western Pacific,Niue,0
2004,Western Pacific,Palau,2.4
2004,Western Pacific,Papua New Guinea,84
2004,Western Pacific,Philippines,35
2004,Western Pacific,Republic of Korea,7.6
2004,Western Pacific,Samoa,1.8
2004,Western Pacific,Singapore,2.2
2004,Western Pacific,Solomon Islands,10
2004,Western Pacific,Tonga,1.1
2004,Western Pacific,Tuvalu,19
2004,Western Pacific,Vanuatu,14
2004,Western Pacific,Viet Nam,28
2005,Africa,Algeria,8.8
2005,Africa,Angola,56
2005,Africa,Benin,13
2005,Africa,Botswana,29
2005,Africa,Burkina Faso,11
2005,Africa,Burundi,35
2005,Africa,Cameroon,51
2005,Africa,Cabo Verde,7.7
2005,Africa,Central African Republic,111
2005,Africa,Chad,24
2005,Africa,Comoros,8.3
2005,Africa,Congo,40
2005,Africa,C?te d'Ivoire,48
2005,Africa,Democratic Republic of the Congo,54
2005,Africa,Equatorial Guinea,8.4
2005,Africa,Eritrea,20
2005,Africa,Ethiopia,66
2005,Africa,Gabon,119
2005,Africa,Gambia,22
2005,Africa,Ghana,54
2005,Africa,Guinea,51
2005,Africa,Guinea-Bissau,65
2005,Africa,Kenya,18
2005,Africa,Lesotho,80
2005,Africa,Liberia,72
2005,Africa,Madagascar,65
2005,Africa,Malawi,21
2005,Africa,Mali,13
2005,Africa,Mauritania,43
2005,Africa,Mauritius,1.2
2005,Africa,Mozambique,86
2005,Africa,Namibia,41
2005,Africa,Niger,33
2005,Africa,Nigeria,93
2005,Africa,Rwanda,6.2
2005,Africa,Sao Tome and Principe,9.1
2005,Africa,Senegal,24
2005,Africa,Seychelles,2.5
2005,Africa,Sierra Leone,74
2005,Africa,South Africa,57
2005,Africa,Swaziland,47
2005,Africa,Togo,8
2005,Africa,Uganda,30
2005,Africa,United Republic of Tanzania,83
2005,Africa,Zambia,31
2005,Africa,Zimbabwe,22
2005,Americas,Antigua and Barbuda,1.4
2005,Americas,Argentina,2
2005,Americas,Bahamas,1.2
2005,Americas,Barbados,0.75
2005,Americas,Belize,2.1
2005,Americas,Bolivia (Plurinational State of),3.8
2005,Americas,Brazil,3.4
2005,Americas,Canada,0.4
2005,Americas,Chile,3.8
2005,Americas,Colombia,2.6
2005,Americas,Costa Rica,1.6
2005,Americas,Cuba,0.38
2005,Americas,Dominica,1.4
2005,Americas,Dominican Republic,6.5
2005,Americas,Ecuador,7.8
2005,Americas,El Salvador,1.9
2005,Americas,Grenada,2
2005,Americas,Guatemala,3.1
2005,Americas,Guyana,17
2005,Americas,Haiti,40
2005,Americas,Honduras,4
2005,Americas,Jamaica,0.74
2005,Americas,Mexico,2.7
2005,Americas,Nicaragua,5.8
2005,Americas,Panama,6.9
2005,Americas,Paraguay,5.1
2005,Americas,Peru,9.8
2005,Americas,Saint Kitts and Nevis,2.2
2005,Americas,Saint Lucia,3.9
2005,Americas,Saint Vincent and the Grenadines,0.93
2005,Americas,Suriname,1.8
2005,Americas,Trinidad and Tobago,1.6
2005,Americas,United States of America,0.25
2005,Americas,Uruguay,1.9
2005,Americas,Venezuela (Bolivarian Republic of),2.6
2005,South-East Asia,Bangladesh,62
2005,South-East Asia,Bhutan,20
2005,South-East Asia,Democratic People's Republic of Korea,25
2005,South-East Asia,India,50
2005,South-East Asia,Indonesia,49
2005,South-East Asia,Maldives,2
2005,South-East Asia,Myanmar,78
2005,South-East Asia,Nepal,17
2005,South-East Asia,Sri Lanka,7.2
2005,South-East Asia,Thailand,18
2005,South-East Asia,Timor-Leste,62
2005,Europe,Albania,0.3
2005,Europe,Andorra,1.2
2005,Europe,Armenia,8.5
2005,Europe,Austria,0.66
2005,Europe,Azerbaijan,11
2005,Europe,Belarus,11
2005,Europe,Belgium,0.85
2005,Europe,Bosnia and Herzegovina,5.3
2005,Europe,Bulgaria,3.7
2005,Europe,Croatia,2.7
2005,Europe,Cyprus,0.49
2005,Europe,Czechia,0.68
2005,Europe,Denmark,0.5
2005,Europe,Estonia,3.9
2005,Europe,Finland,1.5
2005,Europe,France,1.5
2005,Europe,Georgia,3.8
2005,Europe,Germany,0.57
2005,Europe,Greece,0.89
2005,Europe,Hungary,2.5
2005,Europe,Iceland,1
2005,Europe,Ireland,0.6
2005,Europe,Israel,0.74
2005,Europe,Italy,0.76
2005,Europe,Kazakhstan,27
2005,Europe,Kyrgyzstan,16
2005,Europe,Latvia,8.7
2005,Europe,Lithuania,11
2005,Europe,Luxembourg,0.23
2005,Europe,Malta,0.25
2005,Europe,Monaco,0.1
2005,Europe,Netherlands,0.45
2005,Europe,Norway,0.95
2005,Europe,Poland,2.3
2005,Europe,Portugal,3.2
2005,Europe,Republic of Moldova,18
2005,Europe,Romania,8.4
2005,Europe,Russian Federation,24
2005,Europe,San Marino,0
2005,Europe,Serbia,3.3
2005,Europe,Slovakia,0.88
2005,Europe,Slovenia,0.93
2005,Europe,Spain,1.1
2005,Europe,Sweden,0.66
2005,Europe,Switzerland,0.41
2005,Europe,Tajikistan,14
2005,Europe,The former Yugoslav republic of Macedonia,3.3
2005,Europe,Turkey,1.5
2005,Europe,Turkmenistan,37
2005,Europe,Ukraine,26
2005,Europe,United Kingdom of Great Britain and Northern Ireland,0.77
2005,Europe,Uzbekistan,14
2005,Europe,Montenegro,0.57
2005,Eastern Mediterranean,Afghanistan,45
2005,Eastern Mediterranean,Bahrain,1.1
2005,Eastern Mediterranean,Djibouti,47
2005,Eastern Mediterranean,Egypt,1.1
2005,Eastern Mediterranean,Iran (Islamic Republic of),1.8
2005,Eastern Mediterranean,Iraq,3.2
2005,Eastern Mediterranean,Jordan,0.77
2005,Eastern Mediterranean,Kuwait,1.3
2005,Eastern Mediterranean,Lebanon,0.86
2005,Eastern Mediterranean,Libya,2.7
2005,Eastern Mediterranean,Morocco,11
2005,Eastern Mediterranean,Oman,0.69
2005,Eastern Mediterranean,Pakistan,64
2005,Eastern Mediterranean,Qatar,0.31
2005,Eastern Mediterranean,Saudi Arabia,3.2
2005,Eastern Mediterranean,Somalia,60
2005,Eastern Mediterranean,Sudan,22
2005,Eastern Mediterranean,Syrian Arab Republic,0.3
2005,Eastern Mediterranean,Tunisia,2.7
2005,Eastern Mediterranean,United Arab Emirates,0.55
2005,Eastern Mediterranean,Yemen,17
2005,Western Pacific,Australia,0.31
2005,Western Pacific,Brunei Darussalam,3.4
2005,Western Pacific,Cambodia,111
2005,Western Pacific,China,5.7
2005,Western Pacific,Cook Islands,0.49
2005,Western Pacific,Fiji,3.7
2005,Western Pacific,Japan,3.4
2005,Western Pacific,Kiribati,22
2005,Western Pacific,Lao People's Democratic Republic,87
2005,Western Pacific,Malaysia,6
2005,Western Pacific,Marshall Islands,29
2005,Western Pacific,Micronesia (Federated States of),13
2005,Western Pacific,Mongolia,25
2005,Western Pacific,Nauru,10
2005,Western Pacific,New Zealand,0.51
2005,Western Pacific,Niue,0
2005,Western Pacific,Palau,4.7
2005,Western Pacific,Papua New Guinea,87
2005,Western Pacific,Philippines,33
2005,Western Pacific,Republic of Korea,7.6
2005,Western Pacific,Samoa,1.3
2005,Western Pacific,Singapore,1.8
2005,Western Pacific,Solomon Islands,12
2005,Western Pacific,Tonga,1.7
2005,Western Pacific,Tuvalu,12
2005,Western Pacific,Vanuatu,21
2005,Western Pacific,Viet Nam,27
2006,Africa,Algeria,8.6
2006,Africa,Angola,39
2006,Africa,Benin,12
2006,Africa,Botswana,33
2006,Africa,Burkina Faso,11
2006,Africa,Burundi,34
2006,Africa,Cameroon,48
2006,Africa,Cabo Verde,7.9
2006,Africa,Central African Republic,91
2006,Africa,Chad,26
2006,Africa,Comoros,8.1
2006,Africa,Congo,51
2006,Africa,C?te d'Ivoire,43
2006,Africa,Democratic Republic of the Congo,57
2006,Africa,Equatorial Guinea,8.1
2006,Africa,Eritrea,17
2006,Africa,Ethiopia,64
2006,Africa,Gabon,106
2006,Africa,Gambia,28
2006,Africa,Ghana,53
2006,Africa,Guinea,44
2006,Africa,Guinea-Bissau,60
2006,Africa,Kenya,16
2006,Africa,Lesotho,72
2006,Africa,Liberia,63
2006,Africa,Madagascar,59
2006,Africa,Malawi,21
2006,Africa,Mali,12
2006,Africa,Mauritania,34
2006,Africa,Mauritius,0.67
2006,Africa,Mozambique,85
2006,Africa,Namibia,40
2006,Africa,Niger,30
2006,Africa,Nigeria,92
2006,Africa,Rwanda,4.6
2006,Africa,Sao Tome and Principe,4.7
2006,Africa,Senegal,23
2006,Africa,Seychelles,1.2
2006,Africa,Sierra Leone,67
2006,Africa,South Africa,58
2006,Africa,Swaziland,48
2006,Africa,Togo,8
2006,Africa,Uganda,27
2006,Africa,United Republic of Tanzania,85
2006,Africa,Zambia,31
2006,Africa,Zimbabwe,25
2006,Americas,Antigua and Barbuda,1.4
2006,Americas,Argentina,1.9
2006,Americas,Bahamas,0.61
2006,Americas,Barbados,0.75
2006,Americas,Belize,5.6
2006,Americas,Bolivia (Plurinational State of),4.1
2006,Americas,Brazil,3.3
2006,Americas,Canada,0.39
2006,Americas,Chile,3.7
2006,Americas,Colombia,2.6
2006,Americas,Costa Rica,1.5
2006,Americas,Cuba,0.42
2006,Americas,Dominica,1.4
2006,Americas,Dominican Republic,3.6
2006,Americas,Ecuador,7.2
2006,Americas,El Salvador,1.2
2006,Americas,Grenada,1
2006,Americas,Guatemala,2.9
2006,Americas,Guyana,17
2006,Americas,Haiti,41
2006,Americas,Honduras,3.3
2006,Americas,Jamaica,0.36
2006,Americas,Mexico,2.5
2006,Americas,Nicaragua,4.6
2006,Americas,Panama,5.5
2006,Americas,Paraguay,4.5
2006,Americas,Peru,8.6
2006,Americas,Saint Kitts and Nevis,4.2
2006,Americas,Saint Lucia,2
2006,Americas,Saint Vincent and the Grenadines,2.8
2006,Americas,Suriname,1.5
2006,Americas,Trinidad and Tobago,3.4
2006,Americas,United States of America,0.24
2006,Americas,Uruguay,1.3
2006,Americas,Venezuela (Bolivarian Republic of),2.5
2006,South-East Asia,Bangladesh,56
2006,South-East Asia,Bhutan,18
2006,South-East Asia,Democratic People's Republic of Korea,26
2006,South-East Asia,India,48
2006,South-East Asia,Indonesia,48
2006,South-East Asia,Maldives,2.1
2006,South-East Asia,Myanmar,67
2006,South-East Asia,Nepal,19
2006,South-East Asia,Sri Lanka,6
2006,South-East Asia,Thailand,17
2006,South-East Asia,Timor-Leste,72
2006,Europe,Albania,0.26
2006,Europe,Andorra,1.4
2006,Europe,Armenia,8.7
2006,Europe,Austria,0.68
2006,Europe,Azerbaijan,7.4
2006,Europe,Belarus,11
2006,Europe,Belgium,0.57
2006,Europe,Bosnia and Herzegovina,6.5
2006,Europe,Bulgaria,3.6
2006,Europe,Croatia,3.3
2006,Europe,Cyprus,0.24
2006,Europe,Czechia,0.6
2006,Europe,Denmark,0.4
2006,Europe,Estonia,5.1
2006,Europe,Finland,1.1
2006,Europe,France,1.3
2006,Europe,Georgia,4.1
2006,Europe,Germany,0.55
2006,Europe,Greece,0.79
2006,Europe,Hungary,1.9
2006,Europe,Iceland,0.67
2006,Europe,Ireland,0.96
2006,Europe,Israel,0.53
2006,Europe,Italy,0.7
2006,Europe,Kazakhstan,23
2006,Europe,Kyrgyzstan,17
2006,Europe,Latvia,8.9
2006,Europe,Lithuania,11
2006,Europe,Luxembourg,0.22
2006,Europe,Malta,0.25
2006,Europe,Monaco,0.13
2006,Europe,Netherlands,0.48
2006,Europe,Norway,0.85
2006,Europe,Poland,2.1
2006,Europe,Portugal,3
2006,Europe,Republic of Moldova,17
2006,Europe,Romania,8.1
2006,Europe,Russian Federation,21
2006,Europe,San Marino,0
2006,Europe,Serbia,2.7
2006,Europe,Slovakia,0.88
2006,Europe,Slovenia,0.92
2006,Europe,Spain,0.92
2006,Europe,Sweden,0.73
2006,Europe,Switzerland,0.46
2006,Europe,Tajikistan,13
2006,Europe,The former Yugoslav republic of Macedonia,3.1
2006,Europe,Turkey,1
2006,Europe,Turkmenistan,33
2006,Europe,Ukraine,23
2006,Europe,United Kingdom of Great Britain and Northern Ireland,0.8
2006,Europe,Uzbekistan,10
2006,Europe,Montenegro,0.91
2006,Eastern Mediterranean,Afghanistan,41
2006,Eastern Mediterranean,Bahrain,0.5
2006,Eastern Mediterranean,Djibouti,45
2006,Eastern Mediterranean,Egypt,0.98
2006,Eastern Mediterranean,Iran (Islamic Republic of),1.8
2006,Eastern Mediterranean,Iraq,3.1
2006,Eastern Mediterranean,Jordan,0.76
2006,Eastern Mediterranean,Kuwait,1.1
2006,Eastern Mediterranean,Lebanon,0.8
2006,Eastern Mediterranean,Libya,3.5
2006,Eastern Mediterranean,Morocco,11
2006,Eastern Mediterranean,Oman,0.89
2006,Eastern Mediterranean,Pakistan,59
2006,Eastern Mediterranean,Qatar,0.26
2006,Eastern Mediterranean,Saudi Arabia,3.3
2006,Eastern Mediterranean,Somalia,66
2006,Eastern Mediterranean,Sudan,21
2006,Eastern Mediterranean,Syrian Arab Republic,0.27
2006,Eastern Mediterranean,Tunisia,2.8
2006,Eastern Mediterranean,United Arab Emirates,0.97
2006,Eastern Mediterranean,Yemen,15
2006,Western Pacific,Australia,0.29
2006,Western Pacific,Brunei Darussalam,2.8
2006,Western Pacific,Cambodia,101
2006,Western Pacific,China,5.3
2006,Western Pacific,Cook Islands,0.48
2006,Western Pacific,Fiji,3.2
2006,Western Pacific,Japan,3.3
2006,Western Pacific,Kiribati,24
2006,Western Pacific,Lao People's Democratic Republic,81
2006,Western Pacific,Malaysia,6.4
2006,Western Pacific,Marshall Islands,37
2006,Western Pacific,Micronesia (Federated States of),14
2006,Western Pacific,Mongolia,27
2006,Western Pacific,Nauru,11
2006,Western Pacific,New Zealand,0.53
2006,Western Pacific,Niue,0
2006,Western Pacific,Palau,5.7
2006,Western Pacific,Papua New Guinea,89
2006,Western Pacific,Philippines,31
2006,Western Pacific,Republic of Korea,7.3
2006,Western Pacific,Samoa,1.3
2006,Western Pacific,Singapore,1.7
2006,Western Pacific,Solomon Islands,11
2006,Western Pacific,Tonga,1.7
2006,Western Pacific,Tuvalu,8.7
2006,Western Pacific,Vanuatu,10
2006,Western Pacific,Viet Nam,26
2007,Africa,Algeria,8.5
2007,Africa,Angola,56
2007,Africa,Benin,11
2007,Africa,Botswana,34
2007,Africa,Burkina Faso,11
2007,Africa,Burundi,32
2007,Africa,Cameroon,45
2007,Africa,Cabo Verde,7.5
2007,Africa,Central African Republic,81
2007,Africa,Chad,27
2007,Africa,Comoros,7.3
2007,Africa,Congo,48
2007,Africa,C?te d'Ivoire,36
2007,Africa,Democratic Republic of the Congo,57
2007,Africa,Equatorial Guinea,8
2007,Africa,Eritrea,20
2007,Africa,Ethiopia,58
2007,Africa,Gabon,88
2007,Africa,Gambia,26
2007,Africa,Ghana,52
2007,Africa,Guinea,41
2007,Africa,Guinea-Bissau,60
2007,Africa,Kenya,18
2007,Africa,Lesotho,66
2007,Africa,Liberia,65
2007,Africa,Madagascar,59
2007,Africa,Malawi,24
2007,Africa,Mali,11
2007,Africa,Mauritania,29
2007,Africa,Mauritius,1.2
2007,Africa,Mozambique,84
2007,Africa,Namibia,38
2007,Africa,Niger,26
2007,Africa,Nigeria,90
2007,Africa,Rwanda,5.7
2007,Africa,Sao Tome and Principe,19
2007,Africa,Senegal,22
2007,Africa,Seychelles,1.2
2007,Africa,Sierra Leone,60
2007,Africa,South Africa,58
2007,Africa,Swaziland,51
2007,Africa,Togo,11
2007,Africa,Uganda,24
2007,Africa,United Republic of Tanzania,84
2007,Africa,Zambia,31
2007,Africa,Zimbabwe,25
2007,Americas,Antigua and Barbuda,1.4
2007,Americas,Argentina,1.9
2007,Americas,Bahamas,0.89
2007,Americas,Barbados,1.1
2007,Americas,Belize,2.7
2007,Americas,Bolivia (Plurinational State of),4.2
2007,Americas,Brazil,3.2
2007,Americas,Canada,0.39
2007,Americas,Chile,3.5
2007,Americas,Colombia,2.8
2007,Americas,Costa Rica,1
2007,Americas,Cuba,0.35
2007,Americas,Dominica,5.8
2007,Americas,Dominican Republic,3.1
2007,Americas,Ecuador,6.5
2007,Americas,El Salvador,2
2007,Americas,Grenada,0.98
2007,Americas,Guatemala,2.6
2007,Americas,Guyana,15
2007,Americas,Haiti,39
2007,Americas,Honduras,3.4
2007,Americas,Jamaica,0.4
2007,Americas,Mexico,2.3
2007,Americas,Nicaragua,4.4
2007,Americas,Panama,5.5
2007,Americas,Paraguay,3.8
2007,Americas,Peru,8.1
2007,Americas,Saint Kitts and Nevis,2.2
2007,Americas,Saint Lucia,2
2007,Americas,Saint Vincent and the Grenadines,2.8
2007,Americas,Suriname,1.7
2007,Americas,Trinidad and Tobago,1.7
2007,Americas,United States of America,0.21
2007,Americas,Uruguay,2.4
2007,Americas,Venezuela (Bolivarian Republic of),2.5
2007,South-East Asia,Bangladesh,56
2007,South-East Asia,Bhutan,19
2007,South-East Asia,Democratic People's Republic of Korea,33
2007,South-East Asia,India,46
2007,South-East Asia,Indonesia,47
2007,South-East Asia,Maldives,2.2
2007,South-East Asia,Myanmar,61
2007,South-East Asia,Nepal,19
2007,South-East Asia,Sri Lanka,5.9
2007,South-East Asia,Thailand,12
2007,South-East Asia,Timor-Leste,86
2007,Europe,Albania,0.33
2007,Europe,Andorra,0.56
2007,Europe,Armenia,8.7
2007,Europe,Austria,0.57
2007,Europe,Azerbaijan,3.9
2007,Europe,Belarus,11
2007,Europe,Belgium,0.81
2007,Europe,Bosnia and Herzegovina,2.7
2007,Europe,Bulgaria,3.7
2007,Europe,Croatia,2.3
2007,Europe,Cyprus,0.12
2007,Europe,Czechia,0.69
2007,Europe,Denmark,0.49
2007,Europe,Estonia,4.9
2007,Europe,Finland,1.1
2007,Europe,France,1.2
2007,Europe,Georgia,3.9
2007,Europe,Germany,0.57
2007,Europe,Greece,0.93
2007,Europe,Hungary,2.2
2007,Europe,Iceland,1.6
2007,Europe,Ireland,1.2
2007,Europe,Israel,0.58
2007,Europe,Italy,0.68
2007,Europe,Kazakhstan,21
2007,Europe,Kyrgyzstan,14
2007,Europe,Latvia,7.1
2007,Europe,Lithuania,11
2007,Europe,Luxembourg,0.43
2007,Europe,Malta,1.5
2007,Europe,Monaco,0.16
2007,Europe,Netherlands,0.35
2007,Europe,Norway,0.75
2007,Europe,Poland,2.2
2007,Europe,Portugal,2.8
2007,Europe,Republic of Moldova,17
2007,Europe,Romania,7.7
2007,Europe,Russian Federation,19
2007,Europe,San Marino,0
2007,Europe,Serbia,2.9
2007,Europe,Slovakia,0.66
2007,Europe,Slovenia,1.5
2007,Europe,Spain,0.93
2007,Europe,Sweden,0.69
2007,Europe,Switzerland,0.38
2007,Europe,Tajikistan,10
2007,Europe,The former Yugoslav republic of Macedonia,2.9
2007,Europe,Turkey,1.1
2007,Europe,Turkmenistan,27
2007,Europe,Ukraine,24
2007,Europe,United Kingdom of Great Britain and Northern Ireland,0.65
2007,Europe,Uzbekistan,13
2007,Europe,Montenegro,1.3
2007,Eastern Mediterranean,Afghanistan,37
2007,Eastern Mediterranean,Bahrain,0.9
2007,Eastern Mediterranean,Djibouti,47
2007,Eastern Mediterranean,Egypt,0.97
2007,Eastern Mediterranean,Iran (Islamic Republic of),1.7
2007,Eastern Mediterranean,Iraq,2.9
2007,Eastern Mediterranean,Jordan,0.65
2007,Eastern Mediterranean,Kuwait,1.3
2007,Eastern Mediterranean,Lebanon,1
2007,Eastern Mediterranean,Libya,3.1
2007,Eastern Mediterranean,Morocco,12
2007,Eastern Mediterranean,Oman,0.85
2007,Eastern Mediterranean,Pakistan,51
2007,Eastern Mediterranean,Qatar,0.11
2007,Eastern Mediterranean,Saudi Arabia,3.4
2007,Eastern Mediterranean,Somalia,70
2007,Eastern Mediterranean,Sudan,20
2007,Eastern Mediterranean,Syrian Arab Republic,0.23
2007,Eastern Mediterranean,Tunisia,2.9
2007,Eastern Mediterranean,United Arab Emirates,0.59
2007,Eastern Mediterranean,Yemen,13
2007,Western Pacific,Australia,0.25
2007,Western Pacific,Brunei Darussalam,2.6
2007,Western Pacific,Cambodia,92
2007,Western Pacific,China,4.9
2007,Western Pacific,Cook Islands,0.71
2007,Western Pacific,Fiji,4.7
2007,Western Pacific,Japan,3.2
2007,Western Pacific,Kiribati,21
2007,Western Pacific,Lao People's Democratic Republic,77
2007,Western Pacific,Malaysia,6.2
2007,Western Pacific,Marshall Islands,42
2007,Western Pacific,Micronesia (Federated States of),18
2007,Western Pacific,Mongolia,25
2007,Western Pacific,Nauru,2.8
2007,Western Pacific,New Zealand,0.38
2007,Western Pacific,Niue,0
2007,Western Pacific,Palau,5.2
2007,Western Pacific,Papua New Guinea,78
2007,Western Pacific,Philippines,28
2007,Western Pacific,Republic of Korea,6.3
2007,Western Pacific,Samoa,0.9
2007,Western Pacific,Singapore,2.2
2007,Western Pacific,Solomon Islands,11
2007,Western Pacific,Tonga,2.1
2007,Western Pacific,Tuvalu,17
2007,Western Pacific,Vanuatu,11
2007,Western Pacific,Viet Nam,25
2008,Africa,Algeria,8.1
2008,Africa,Angola,54
2008,Africa,Benin,11
2008,Africa,Botswana,25
2008,Africa,Burkina Faso,11
2008,Africa,Burundi,28
2008,Africa,Cameroon,43
2008,Africa,Cabo Verde,6.4
2008,Africa,Central African Republic,73
2008,Africa,Chad,25
2008,Africa,Comoros,6.6
2008,Africa,Congo,49
2008,Africa,C?te d'Ivoire,31
2008,Africa,Democratic Republic of the Congo,57
2008,Africa,Equatorial Guinea,8.2
2008,Africa,Eritrea,16
2008,Africa,Ethiopia,50
2008,Africa,Gabon,70
2008,Africa,Gambia,21
2008,Africa,Ghana,49
2008,Africa,Guinea,38
2008,Africa,Guinea-Bissau,61
2008,Africa,Kenya,20
2008,Africa,Lesotho,68
2008,Africa,Liberia,66
2008,Africa,Madagascar,58
2008,Africa,Malawi,23
2008,Africa,Mali,9.3
2008,Africa,Mauritania,29
2008,Africa,Mauritius,1.2
2008,Africa,Mozambique,66
2008,Africa,Namibia,36
2008,Africa,Niger,25
2008,Africa,Nigeria,90
2008,Africa,Rwanda,6.3
2008,Africa,Sao Tome and Principe,23
2008,Africa,Senegal,21
2008,Africa,Seychelles,2.3
2008,Africa,Sierra Leone,52
2008,Africa,South Africa,57
2008,Africa,Swaziland,46
2008,Africa,Togo,9.4
2008,Africa,Uganda,20
2008,Africa,United Republic of Tanzania,79
2008,Africa,Zambia,32
2008,Africa,Zimbabwe,24
2008,Americas,Antigua and Barbuda,1.5
2008,Americas,Argentina,1.6
2008,Americas,Bahamas,1.2
2008,Americas,Barbados,0.37
2008,Americas,Belize,5.1
2008,Americas,Bolivia (Plurinational State of),3.7
2008,Americas,Brazil,3.2
2008,Americas,Canada,0.4
2008,Americas,Chile,2.9
2008,Americas,Colombia,2.7
2008,Americas,Costa Rica,1.5
2008,Americas,Cuba,0.42
2008,Americas,Dominica,5.8
2008,Americas,Dominican Republic,2.9
2008,Americas,Ecuador,5.9
2008,Americas,El Salvador,1.6
2008,Americas,Grenada,0.98
2008,Americas,Guatemala,2.8
2008,Americas,Guyana,15
2008,Americas,Haiti,36
2008,Americas,Honduras,1.5
2008,Americas,Jamaica,0.44
2008,Americas,Mexico,2.4
2008,Americas,Nicaragua,3.6
2008,Americas,Panama,6.1
2008,Americas,Paraguay,4.3
2008,Americas,Peru,5.3
2008,Americas,Saint Kitts and Nevis,2.1
2008,Americas,Saint Lucia,1.9
2008,Americas,Saint Vincent and the Grenadines,0.93
2008,Americas,Suriname,3
2008,Americas,Trinidad and Tobago,1.9
2008,Americas,United States of America,0.22
2008,Americas,Uruguay,1.4
2008,Americas,Venezuela (Bolivarian Republic of),2.4
2008,South-East Asia,Bangladesh,56
2008,South-East Asia,Bhutan,18
2008,South-East Asia,Democratic People's Republic of Korea,41
2008,South-East Asia,India,44
2008,South-East Asia,Indonesia,46
2008,South-East Asia,Maldives,2.6
2008,South-East Asia,Myanmar,64
2008,South-East Asia,Nepal,19
2008,South-East Asia,Sri Lanka,5.4
2008,South-East Asia,Thailand,12
2008,South-East Asia,Timor-Leste,86
2008,Europe,Albania,0.7
2008,Europe,Andorra,0.44
2008,Europe,Armenia,8.6
2008,Europe,Austria,0.59
2008,Europe,Azerbaijan,2.4
2008,Europe,Belarus,10
2008,Europe,Belgium,0.73
2008,Europe,Bosnia and Herzegovina,5.6
2008,Europe,Bulgaria,3.2
2008,Europe,Croatia,2.4
2008,Europe,Cyprus,0.23
2008,Europe,Czechia,0.52
2008,Europe,Denmark,0.31
2008,Europe,Estonia,4.2
2008,Europe,Finland,1.1
2008,Europe,France,1.1
2008,Europe,Georgia,4.3
2008,Europe,Germany,0.46
2008,Europe,Greece,0.77
2008,Europe,Hungary,1.9
2008,Europe,Iceland,0.65
2008,Europe,Ireland,0.72
2008,Europe,Israel,0.4
2008,Europe,Italy,0.67
2008,Europe,Kazakhstan,19
2008,Europe,Kyrgyzstan,12
2008,Europe,Latvia,5.8
2008,Europe,Lithuania,11
2008,Europe,Luxembourg,0.43
2008,Europe,Malta,0.25
2008,Europe,Monaco,0.19
2008,Europe,Netherlands,0.32
2008,Europe,Norway,0.55
2008,Europe,Poland,2.3
2008,Europe,Portugal,2.5
2008,Europe,Republic of Moldova,15
2008,Europe,Romania,7.9
2008,Europe,Russian Federation,19
2008,Europe,San Marino,0
2008,Europe,Serbia,2.2
2008,Europe,Slovakia,0.79
2008,Europe,Slovenia,1.7
2008,Europe,Spain,0.79
2008,Europe,Sweden,0.69
2008,Europe,Switzerland,0.45
2008,Europe,Tajikistan,8.4
2008,Europe,The former Yugoslav republic of Macedonia,2.4
2008,Europe,Turkey,1.2
2008,Europe,Turkmenistan,20
2008,Europe,Ukraine,23
2008,Europe,United Kingdom of Great Britain and Northern Ireland,0.72
2008,Europe,Uzbekistan,15
2008,Europe,Montenegro,0.56
2008,Eastern Mediterranean,Afghanistan,39
2008,Eastern Mediterranean,Bahrain,0.65
2008,Eastern Mediterranean,Djibouti,56
2008,Eastern Mediterranean,Egypt,0.98
2008,Eastern Mediterranean,Iran (Islamic Republic of),1.8
2008,Eastern Mediterranean,Iraq,2.8
2008,Eastern Mediterranean,Jordan,0.66
2008,Eastern Mediterranean,Kuwait,0.95
2008,Eastern Mediterranean,Lebanon,1.1
2008,Eastern Mediterranean,Libya,4
2008,Eastern Mediterranean,Morocco,10
2008,Eastern Mediterranean,Oman,0.9
2008,Eastern Mediterranean,Pakistan,44
2008,Eastern Mediterranean,Qatar,1.3
2008,Eastern Mediterranean,Saudi Arabia,3.3
2008,Eastern Mediterranean,Somalia,66
2008,Eastern Mediterranean,Sudan,25
2008,Eastern Mediterranean,Syrian Arab Republic,0.24
2008,Eastern Mediterranean,Tunisia,2.9
2008,Eastern Mediterranean,United Arab Emirates,0.71
2008,Eastern Mediterranean,Yemen,11
2008,Western Pacific,Australia,0.3
2008,Western Pacific,Brunei Darussalam,2.5
2008,Western Pacific,Cambodia,83
2008,Western Pacific,China,4.5
2008,Western Pacific,Cook Islands,0.94
2008,Western Pacific,Fiji,3.1
2008,Western Pacific,Japan,3.1
2008,Western Pacific,Kiribati,21
2008,Western Pacific,Lao People's Democratic Republic,73
2008,Western Pacific,Malaysia,6
2008,Western Pacific,Marshall Islands,33
2008,Western Pacific,Micronesia (Federated States of),22
2008,Western Pacific,Mongolia,23
2008,Western Pacific,Nauru,4.7
2008,Western Pacific,New Zealand,0.37
2008,Western Pacific,Niue,0
2008,Western Pacific,Palau,6.7
2008,Western Pacific,Papua New Guinea,85
2008,Western Pacific,Philippines,31
2008,Western Pacific,Republic of Korea,6.1
2008,Western Pacific,Samoa,0.62
2008,Western Pacific,Singapore,2.1
2008,Western Pacific,Solomon Islands,11
2008,Western Pacific,Tonga,1.2
2008,Western Pacific,Tuvalu,16
2008,Western Pacific,Vanuatu,14
2008,Western Pacific,Viet Nam,24
2009,Africa,Algeria,8.4
2009,Africa,Angola,61
2009,Africa,Benin,11
2009,Africa,Botswana,25
2009,Africa,Burkina Faso,11
2009,Africa,Burundi,25
2009,Africa,Cameroon,43
2009,Africa,Cabo Verde,6.3
2009,Africa,Central African Republic,58
2009,Africa,Chad,23
2009,Africa,Comoros,6.9
2009,Africa,Congo,43
2009,Africa,C?te d'Ivoire,31
2009,Africa,Democratic Republic of the Congo,56
2009,Africa,Equatorial Guinea,11
2009,Africa,Eritrea,16
2009,Africa,Ethiopia,44
2009,Africa,Gabon,95
2009,Africa,Gambia,22
2009,Africa,Ghana,45
2009,Africa,Guinea,42
2009,Africa,Guinea-Bissau,61
2009,Africa,Kenya,17
2009,Africa,Lesotho,61
2009,Africa,Liberia,59
2009,Africa,Madagascar,57
2009,Africa,Malawi,18
2009,Africa,Mali,7.9
2009,Africa,Mauritania,27
2009,Africa,Mauritius,1.3
2009,Africa,Mozambique,57
2009,Africa,Namibia,32
2009,Africa,Niger,22
2009,Africa,Nigeria,91
2009,Africa,Rwanda,6.8
2009,Africa,Sao Tome and Principe,21
2009,Africa,Senegal,21
2009,Africa,Seychelles,2.3
2009,Africa,Sierra Leone,49
2009,Africa,South Africa,56
2009,Africa,Swaziland,37
2009,Africa,Togo,11
2009,Africa,Uganda,20
2009,Africa,United Republic of Tanzania,76
2009,Africa,Zambia,26
2009,Africa,Zimbabwe,15
2009,Americas,Antigua and Barbuda,1.5
2009,Americas,Argentina,1.7
2009,Americas,Bahamas,0.61
2009,Americas,Barbados,0.36
2009,Americas,Belize,4.2
2009,Americas,Bolivia (Plurinational State of),3.6
2009,Americas,Brazil,3
2009,Americas,Canada,0.25
2009,Americas,Chile,2.9
2009,Americas,Colombia,2.5
2009,Americas,Costa Rica,1.1
2009,Americas,Cuba,0.34
2009,Americas,Dominica,4.3
2009,Americas,Dominican Republic,4.9
2009,Americas,Ecuador,5
2009,Americas,El Salvador,1.4
2009,Americas,Grenada,2
2009,Americas,Guatemala,3.1
2009,Americas,Guyana,11
2009,Americas,Haiti,33
2009,Americas,Honduras,1.4
2009,Americas,Jamaica,0.48
2009,Americas,Mexico,2.2
2009,Americas,Nicaragua,3.6
2009,Americas,Panama,7.1
2009,Americas,Paraguay,3.6
2009,Americas,Peru,5.8
2009,Americas,Saint Kitts and Nevis,2
2009,Americas,Saint Lucia,0.59
2009,Americas,Saint Vincent and the Grenadines,0.95
2009,Americas,Suriname,2.9
2009,Americas,Trinidad and Tobago,1.9
2009,Americas,United States of America,0.19
2009,Americas,Uruguay,2
2009,Americas,Venezuela (Bolivarian Republic of),2.1
2009,South-East Asia,Bangladesh,54
2009,South-East Asia,Bhutan,20
2009,South-East Asia,Democratic People's Republic of Korea,43
2009,South-East Asia,India,42
2009,South-East Asia,Indonesia,45
2009,South-East Asia,Maldives,2.7
2009,South-East Asia,Myanmar,60
2009,South-East Asia,Nepal,17
2009,South-East Asia,Sri Lanka,5.3
2009,South-East Asia,Thailand,11
2009,South-East Asia,Timor-Leste,32
2009,Europe,Albania,0.21
2009,Europe,Andorra,0.88
2009,Europe,Armenia,7.3
2009,Europe,Austria,0.58
2009,Europe,Azerbaijan,1.3
2009,Europe,Belarus,9.1
2009,Europe,Belgium,0.55
2009,Europe,Bosnia and Herzegovina,4.7
2009,Europe,Bulgaria,2.7
2009,Europe,Croatia,2.8
2009,Europe,Cyprus,0.12
2009,Europe,Czechia,0.5
2009,Europe,Denmark,0.51
2009,Europe,Estonia,3.7
2009,Europe,Finland,1
2009,Europe,France,1.1
2009,Europe,Georgia,4.7
2009,Europe,Germany,0.44
2009,Europe,Greece,0.84
2009,Europe,Hungary,1.7
2009,Europe,Iceland,2.6
2009,Europe,Ireland,0.79
2009,Europe,Israel,0.33
2009,Europe,Italy,0.7
2009,Europe,Kazakhstan,15
2009,Europe,Kyrgyzstan,12
2009,Europe,Latvia,5.3
2009,Europe,Lithuania,8.5
2009,Europe,Luxembourg,0.41
2009,Europe,Malta,0.25
2009,Europe,Monaco,0.22
2009,Europe,Netherlands,0.4
2009,Europe,Norway,0.59
2009,Europe,Poland,2.1
2009,Europe,Portugal,2.6
2009,Europe,Republic of Moldova,15
2009,Europe,Romania,7.5
2009,Europe,Russian Federation,18
2009,Europe,San Marino,0
2009,Europe,Serbia,2.1
2009,Europe,Slovakia,0.79
2009,Europe,Slovenia,1.2
2009,Europe,Spain,0.88
2009,Europe,Sweden,0.66
2009,Europe,Switzerland,0.35
2009,Europe,Tajikistan,5.9
2009,Europe,The former Yugoslav republic of Macedonia,0.94
2009,Europe,Turkey,1.2
2009,Europe,Turkmenistan,19
2009,Europe,Ukraine,19
2009,Europe,United Kingdom of Great Britain and Northern Ireland,0.65
2009,Europe,Uzbekistan,11
2009,Europe,Montenegro,0.19
2009,Eastern Mediterranean,Afghanistan,43
2009,Eastern Mediterranean,Bahrain,0.7
2009,Eastern Mediterranean,Djibouti,57
2009,Eastern Mediterranean,Egypt,0.84
2009,Eastern Mediterranean,Iran (Islamic Republic of),1.8
2009,Eastern Mediterranean,Iraq,2.7
2009,Eastern Mediterranean,Jordan,0.46
2009,Eastern Mediterranean,Kuwait,1.2
2009,Eastern Mediterranean,Lebanon,1
2009,Eastern Mediterranean,Libya,3.7
2009,Eastern Mediterranean,Morocco,10
2009,Eastern Mediterranean,Oman,0.82
2009,Eastern Mediterranean,Pakistan,38
2009,Eastern Mediterranean,Qatar,0.21
2009,Eastern Mediterranean,Saudi Arabia,3.3
2009,Eastern Mediterranean,Somalia,73
2009,Eastern Mediterranean,Sudan,23
2009,Eastern Mediterranean,Syrian Arab Republic,0.24
2009,Eastern Mediterranean,Tunisia,2.7
2009,Eastern Mediterranean,United Arab Emirates,0.6
2009,Eastern Mediterranean,Yemen,8.8
2009,Western Pacific,Australia,0.26
2009,Western Pacific,Brunei Darussalam,3.3
2009,Western Pacific,Cambodia,77
2009,Western Pacific,China,4.2
2009,Western Pacific,Cook Islands,0.94
2009,Western Pacific,Fiji,2.3
2009,Western Pacific,Japan,3
2009,Western Pacific,Kiribati,9.6
2009,Western Pacific,Lao People's Democratic Republic,70
2009,Western Pacific,Malaysia,6
2009,Western Pacific,Marshall Islands,37
2009,Western Pacific,Micronesia (Federated States of),20
2009,Western Pacific,Mongolia,23
2009,Western Pacific,Nauru,3.8
2009,Western Pacific,New Zealand,0.37
2009,Western Pacific,Niue,0
2009,Western Pacific,Palau,8.8
2009,Western Pacific,Papua New Guinea,96
2009,Western Pacific,Philippines,29
2009,Western Pacific,Republic of Korea,6
2009,Western Pacific,Samoa,0.82
2009,Western Pacific,Singapore,1.7
2009,Western Pacific,Solomon Islands,9.8
2009,Western Pacific,Tonga,0.73
2009,Western Pacific,Tuvalu,17
2009,Western Pacific,Vanuatu,7.7
2009,Western Pacific,Viet Nam,23
2010,Africa,Algeria,8.5
2010,Africa,Angola,58
2010,Africa,Benin,11
2010,Africa,Botswana,30
2010,Africa,Burkina Faso,10
2010,Africa,Burundi,23
2010,Africa,Cameroon,42
2010,Africa,Cabo Verde,5.8
2010,Africa,Central African Republic,61
2010,Africa,Chad,22
2010,Africa,Comoros,7.3
2010,Africa,Congo,41
2010,Africa,C?te d'Ivoire,29
2010,Africa,Democratic Republic of the Congo,57
2010,Africa,Equatorial Guinea,7.5
2010,Africa,Eritrea,15
2010,Africa,Ethiopia,38
2010,Africa,Gabon,80
2010,Africa,Gambia,25
2010,Africa,Ghana,41
2010,Africa,Guinea,30
2010,Africa,Guinea-Bissau,62
2010,Africa,Kenya,18
2010,Africa,Lesotho,59
2010,Africa,Liberia,55
2010,Africa,Madagascar,54
2010,Africa,Malawi,14
2010,Africa,Mali,11
2010,Africa,Mauritania,27
2010,Africa,Mauritius,0.98
2010,Africa,Mozambique,61
2010,Africa,Namibia,32
2010,Africa,Niger,21
2010,Africa,Nigeria,93
2010,Africa,Rwanda,8.1
2010,Africa,Sao Tome and Principe,11
2010,Africa,Senegal,22
2010,Africa,Seychelles,0
2010,Africa,Sierra Leone,43
2010,Africa,South Africa,54
2010,Africa,Swaziland,37
2010,Africa,Togo,11
2010,Africa,Uganda,18
2010,Africa,United Republic of Tanzania,75
2010,Africa,Zambia,24
2010,Africa,Zimbabwe,12
2010,Americas,Antigua and Barbuda,1.5
2010,Americas,Argentina,1.4
2010,Americas,Bahamas,0.6
2010,Americas,Barbados,0.37
2010,Americas,Belize,4.1
2010,Americas,Bolivia (Plurinational State of),3.7
2010,Americas,Brazil,2.9
2010,Americas,Canada,0.27
2010,Americas,Chile,3.2
2010,Americas,Colombia,2.2
2010,Americas,Costa Rica,1.1
2010,Americas,Cuba,0.41
2010,Americas,Dominica,4.3
2010,Americas,Dominican Republic,6.4
2010,Americas,Ecuador,5
2010,Americas,El Salvador,1.8
2010,Americas,Grenada,0.98
2010,Americas,Guatemala,2.6
2010,Americas,Guyana,20
2010,Americas,Haiti,33
2010,Americas,Honduras,1.1
2010,Americas,Jamaica,0.37
2010,Americas,Mexico,2.2
2010,Americas,Nicaragua,4.9
2010,Americas,Panama,5.8
2010,Americas,Paraguay,4.6
2010,Americas,Peru,8.2
2010,Americas,Saint Kitts and Nevis,2.5
2010,Americas,Saint Lucia,0.69
2010,Americas,Saint Vincent and the Grenadines,5.7
2010,Americas,Suriname,3.2
2010,Americas,Trinidad and Tobago,1.5
2010,Americas,United States of America,0.2
2010,Americas,Uruguay,1.4
2010,Americas,Venezuela (Bolivarian Republic of),2.4
2010,South-East Asia,Bangladesh,56
2010,South-East Asia,Bhutan,23
2010,South-East Asia,Democratic People's Republic of Korea,47
2010,South-East Asia,India,40
2010,South-East Asia,Indonesia,44
2010,South-East Asia,Maldives,2.8
2010,South-East Asia,Myanmar,57
2010,South-East Asia,Nepal,17
2010,South-East Asia,Sri Lanka,5
2010,South-East Asia,Thailand,11
2010,South-East Asia,Timor-Leste,42
2010,Europe,Albania,0.2
2010,Europe,Andorra,0.78
2010,Europe,Armenia,7.1
2010,Europe,Austria,0.46
2010,Europe,Azerbaijan,1.2
2010,Europe,Belarus,9.2
2010,Europe,Belgium,0.55
2010,Europe,Bosnia and Herzegovina,6.1
2010,Europe,Bulgaria,2.8
2010,Europe,Croatia,1.9
2010,Europe,Cyprus,0.11
2010,Europe,Czechia,0.38
2010,Europe,Denmark,0.66
2010,Europe,Estonia,3.1
2010,Europe,Finland,0.9
2010,Europe,France,1
2010,Europe,Georgia,5.5
2010,Europe,Germany,0.45
2010,Europe,Greece,0.7
2010,Europe,Hungary,1.5
2010,Europe,Iceland,6.6
2010,Europe,Ireland,0.76
2010,Europe,Israel,0.38
2010,Europe,Italy,0.64
2010,Europe,Kazakhstan,13
2010,Europe,Kyrgyzstan,11
2010,Europe,Latvia,4.3
2010,Europe,Lithuania,7.2
2010,Europe,Luxembourg,0.2
2010,Europe,Malta,0.49
2010,Europe,Monaco,0.26
2010,Europe,Netherlands,0.34
2010,Europe,Norway,0.58
2010,Europe,Poland,1.6
2010,Europe,Portugal,2.1
2010,Europe,Republic of Moldova,14
2010,Europe,Romania,7.4
2010,Europe,Russian Federation,16
2010,Europe,San Marino,0
2010,Europe,Serbia,2
2010,Europe,Slovakia,0.66
2010,Europe,Slovenia,0.99
2010,Europe,Spain,0.87
2010,Europe,Sweden,0.38
2010,Europe,Switzerland,0.36
2010,Europe,Tajikistan,5
2010,Europe,The former Yugoslav republic of Macedonia,1.7
2010,Europe,Turkey,1
2010,Europe,Turkmenistan,15
2010,Europe,Ukraine,17
2010,Europe,United Kingdom of Great Britain and Northern Ireland,0.59
2010,Europe,Uzbekistan,13
2010,Europe,Montenegro,0.18
2010,Eastern Mediterranean,Afghanistan,41
2010,Eastern Mediterranean,Bahrain,0.83
2010,Eastern Mediterranean,Djibouti,61
2010,Eastern Mediterranean,Egypt,0.7
2010,Eastern Mediterranean,Iran (Islamic Republic of),1.9
2010,Eastern Mediterranean,Iraq,2.6
2010,Eastern Mediterranean,Jordan,0.49
2010,Eastern Mediterranean,Kuwait,1.3
2010,Eastern Mediterranean,Lebanon,1.1
2010,Eastern Mediterranean,Libya,5.8
2010,Eastern Mediterranean,Morocco,10
2010,Eastern Mediterranean,Oman,0.75
2010,Eastern Mediterranean,Pakistan,33
2010,Eastern Mediterranean,Qatar,0.11
2010,Eastern Mediterranean,Saudi Arabia,3
2010,Eastern Mediterranean,Somalia,78
2010,Eastern Mediterranean,Sudan,22
2010,Eastern Mediterranean,Syrian Arab Republic,0.13
2010,Eastern Mediterranean,Tunisia,2.5
2010,Eastern Mediterranean,United Arab Emirates,0.49
2010,Eastern Mediterranean,Yemen,7.1
2010,Western Pacific,Australia,0.25
2010,Western Pacific,Brunei Darussalam,3.7
2010,Western Pacific,Cambodia,72
2010,Western Pacific,China,3.8
2010,Western Pacific,Cook Islands,0
2010,Western Pacific,Fiji,3
2010,Western Pacific,Japan,3
2010,Western Pacific,Kiribati,17
2010,Western Pacific,Lao People's Democratic Republic,66
2010,Western Pacific,Malaysia,6.4
2010,Western Pacific,Marshall Islands,50
2010,Western Pacific,Micronesia (Federated States of),22
2010,Western Pacific,Mongolia,23
2010,Western Pacific,Nauru,2.8
2010,Western Pacific,New Zealand,0.39
2010,Western Pacific,Niue,0
2010,Western Pacific,Palau,8.7
2010,Western Pacific,Papua New Guinea,86
2010,Western Pacific,Philippines,27
2010,Western Pacific,Republic of Korea,6.1
2010,Western Pacific,Samoa,0.71
2010,Western Pacific,Singapore,2
2010,Western Pacific,Solomon Islands,8.8
2010,Western Pacific,Tonga,1
2010,Western Pacific,Tuvalu,13
2010,Western Pacific,Vanuatu,10
2010,Western Pacific,Viet Nam,22
2011,Africa,Algeria,8
2011,Africa,Angola,55
2011,Africa,Benin,9.8
2011,Africa,Botswana,30
2011,Africa,Burkina Faso,9.5
2011,Africa,Burundi,25
2011,Africa,Cameroon,38
2011,Africa,Cabo Verde,5.4
2011,Africa,Central African Republic,62
2011,Africa,Chad,20
2011,Africa,Comoros,8.1
2011,Africa,Congo,37
2011,Africa,C?te d'Ivoire,27
2011,Africa,Democratic Republic of the Congo,62
2011,Africa,Equatorial Guinea,7.5
2011,Africa,Eritrea,16
2011,Africa,Ethiopia,34
2011,Africa,Gabon,67
2011,Africa,Gambia,19
2011,Africa,Ghana,39
2011,Africa,Guinea,29
2011,Africa,Guinea-Bissau,66
2011,Africa,Kenya,17
2011,Africa,Lesotho,56
2011,Africa,Liberia,46
2011,Africa,Madagascar,51
2011,Africa,Malawi,16
2011,Africa,Mali,11
2011,Africa,Mauritania,31
2011,Africa,Mauritius,1.5
2011,Africa,Mozambique,65
2011,Africa,Namibia,32
2011,Africa,Niger,20
2011,Africa,Nigeria,93
2011,Africa,Rwanda,7.3
2011,Africa,Sao Tome and Principe,8.3
2011,Africa,Senegal,23
2011,Africa,Seychelles,1.1
2011,Africa,Sierra Leone,45
2011,Africa,South Africa,52
2011,Africa,Swaziland,50
2011,Africa,Togo,10
2011,Africa,Uganda,14
2011,Africa,United Republic of Tanzania,76
2011,Africa,Zambia,30
2011,Africa,Zimbabwe,14
2011,Africa,South Sudan,30
2011,Americas,Antigua and Barbuda,1.4
2011,Americas,Argentina,1.7
2011,Americas,Bahamas,1.4
2011,Americas,Barbados,0.36
2011,Americas,Belize,3.7
2011,Americas,Bolivia (Plurinational State of),3.4
2011,Americas,Brazil,2.8
2011,Americas,Canada,0.29
2011,Americas,Chile,2.7
2011,Americas,Colombia,2
2011,Americas,Costa Rica,1.4
2011,Americas,Cuba,0.37
2011,Americas,Dominica,4.3
2011,Americas,Dominican Republic,5.9
2011,Americas,Ecuador,4.4
2011,Americas,El Salvador,1.3
2011,Americas,Grenada,0.97
2011,Americas,Guatemala,2.2
2011,Americas,Guyana,17
2011,Americas,Haiti,28
2011,Americas,Honduras,1.2
2011,Americas,Jamaica,0.26
2011,Americas,Mexico,2.2
2011,Americas,Nicaragua,3.8
2011,Americas,Panama,5
2011,Americas,Paraguay,4.4
2011,Americas,Peru,7.3
2011,Americas,Saint Kitts and Nevis,2.4
2011,Americas,Saint Lucia,0.69
2011,Americas,Saint Vincent and the Grenadines,4.8
2011,Americas,Suriname,2.5
2011,Americas,Trinidad and Tobago,1.5
2011,Americas,United States of America,0.19
2011,Americas,Uruguay,1.4
2011,Americas,Venezuela (Bolivarian Republic of),2
2011,South-East Asia,Bangladesh,56
2011,South-East Asia,Bhutan,21
2011,South-East Asia,Democratic People's Republic of Korea,51
2011,South-East Asia,India,39
2011,South-East Asia,Indonesia,43
2011,South-East Asia,Maldives,3.3
2011,South-East Asia,Myanmar,53
2011,South-East Asia,Nepal,17
2011,South-East Asia,Sri Lanka,4.7
2011,South-East Asia,Thailand,11
2011,South-East Asia,Timor-Leste,51
2011,Europe,Albania,0.19
2011,Europe,Andorra,0.34
2011,Europe,Armenia,5.3
2011,Europe,Austria,0.66
2011,Europe,Azerbaijan,0.38
2011,Europe,Belarus,8.9
2011,Europe,Belgium,0.48
2011,Europe,Bosnia and Herzegovina,5
2011,Europe,Bulgaria,2.4
2011,Europe,Croatia,1.5
2011,Europe,Cyprus,0.33
2011,Europe,Czechia,0.53
2011,Europe,Denmark,0.3
2011,Europe,Estonia,3.5
2011,Europe,Finland,1.1
2011,Europe,France,1
2011,Europe,Georgia,6.4
2011,Europe,Germany,0.44
2011,Europe,Greece,0.67
2011,Europe,Hungary,1.3
2011,Europe,Iceland,2.4
2011,Europe,Ireland,0.63
2011,Europe,Israel,0.29
2011,Europe,Italy,0.65
2011,Europe,Kazakhstan,11
2011,Europe,Kyrgyzstan,12
2011,Europe,Latvia,3.9
2011,Europe,Lithuania,7.1
2011,Europe,Luxembourg,0.4
2011,Europe,Malta,0.73
2011,Europe,Monaco,0.19
2011,Europe,Netherlands,0.22
2011,Europe,Norway,0.6
2011,Europe,Poland,1.8
2011,Europe,Portugal,2.2
2011,Europe,Republic of Moldova,13
2011,Europe,Romania,6.5
2011,Europe,Russian Federation,15
2011,Europe,San Marino,0
2011,Europe,Serbia,1.7
2011,Europe,Slovakia,0.49
2011,Europe,Slovenia,1.1
2011,Europe,Spain,0.63
2011,Europe,Sweden,0.5
2011,Europe,Switzerland,0.31
2011,Europe,Tajikistan,3.9
2011,Europe,The former Yugoslav republic of Macedonia,1.5
2011,Europe,Turkey,1.3
2011,Europe,Turkmenistan,14
2011,Europe,Ukraine,16
2011,Europe,United Kingdom of Great Britain and Northern Ireland,0.53
2011,Europe,Uzbekistan,13
2011,Europe,Montenegro,0.18
2011,Eastern Mediterranean,Afghanistan,42
2011,Eastern Mediterranean,Bahrain,0.2
2011,Eastern Mediterranean,Djibouti,53
2011,Eastern Mediterranean,Egypt,0.83
2011,Eastern Mediterranean,Iran (Islamic Republic of),2
2011,Eastern Mediterranean,Iraq,2.5
2011,Eastern Mediterranean,Jordan,0.3
2011,Eastern Mediterranean,Kuwait,0.63
2011,Eastern Mediterranean,Lebanon,0.82
2011,Eastern Mediterranean,Libya,6.9
2011,Eastern Mediterranean,Morocco,8.1
2011,Eastern Mediterranean,Oman,0.75
2011,Eastern Mediterranean,Pakistan,30
2011,Eastern Mediterranean,Qatar,0.3
2011,Eastern Mediterranean,Saudi Arabia,2.8
2011,Eastern Mediterranean,Somalia,73
2011,Eastern Mediterranean,Sudan,23
2011,Eastern Mediterranean,Syrian Arab Republic,0.13
2011,Eastern Mediterranean,Tunisia,2.3
2011,Eastern Mediterranean,United Arab Emirates,0.54
2011,Eastern Mediterranean,Yemen,7
2011,Western Pacific,Australia,0.25
2011,Western Pacific,Brunei Darussalam,1.8
2011,Western Pacific,Cambodia,68
2011,Western Pacific,China,3.5
2011,Western Pacific,Cook Islands,0.46
2011,Western Pacific,Fiji,3.7
2011,Western Pacific,Japan,2.9
2011,Western Pacific,Kiribati,20
2011,Western Pacific,Lao People's Democratic Republic,61
2011,Western Pacific,Malaysia,6.9
2011,Western Pacific,Marshall Islands,36
2011,Western Pacific,Micronesia (Federated States of),20
2011,Western Pacific,Mongolia,21
2011,Western Pacific,Nauru,4.7
2011,Western Pacific,New Zealand,0.34
2011,Western Pacific,Niue,9.9
2011,Western Pacific,Palau,5.5
2011,Western Pacific,Papua New Guinea,86
2011,Western Pacific,Philippines,26
2011,Western Pacific,Republic of Korea,6
2011,Western Pacific,Samoa,1
2011,Western Pacific,Singapore,1.7
2011,Western Pacific,Solomon Islands,10
2011,Western Pacific,Tonga,0.81
2011,Western Pacific,Tuvalu,12
2011,Western Pacific,Vanuatu,11
2011,Western Pacific,Viet Nam,21
2012,Africa,Algeria,8
2012,Africa,Angola,51
2012,Africa,Benin,10
2012,Africa,Botswana,25
2012,Africa,Burkina Faso,9.6
2012,Africa,Burundi,24
2012,Africa,Cameroon,36
2012,Africa,Cabo Verde,3.8
2012,Africa,Central African Republic,48
2012,Africa,Chad,21
2012,Africa,Comoros,7.9
2012,Africa,Congo,37
2012,Africa,C?te d'Ivoire,23
2012,Africa,Democratic Republic of the Congo,64
2012,Africa,Equatorial Guinea,7.5
2012,Africa,Eritrea,18
2012,Africa,Ethiopia,34
2012,Africa,Gabon,55
2012,Africa,Gambia,20
2012,Africa,Ghana,39
2012,Africa,Guinea,29
2012,Africa,Guinea-Bissau,72
2012,Africa,Kenya,18
2012,Africa,Lesotho,55
2012,Africa,Liberia,47
2012,Africa,Madagascar,52
2012,Africa,Malawi,19
2012,Africa,Mali,12
2012,Africa,Mauritania,21
2012,Africa,Mauritius,1.3
2012,Africa,Mozambique,68
2012,Africa,Namibia,32
2012,Africa,Niger,19
2012,Africa,Nigeria,94
2012,Africa,Rwanda,7.4
2012,Africa,Sao Tome and Principe,12
2012,Africa,Senegal,21
2012,Africa,Seychelles,0
2012,Africa,Sierra Leone,43
2012,Africa,South Africa,50
2012,Africa,Swaziland,55
2012,Africa,Togo,9.9
2012,Africa,Uganda,13
2012,Africa,United Republic of Tanzania,68
2012,Africa,Zambia,33
2012,Africa,Zimbabwe,15
2012,Africa,South Sudan,29
2012,Americas,Antigua and Barbuda,1.4
2012,Americas,Argentina,1.5
2012,Americas,Bahamas,0.27
2012,Americas,Barbados,0.36
2012,Americas,Belize,2.1
2012,Americas,Bolivia (Plurinational State of),3.4
2012,Americas,Brazil,2.7
2012,Americas,Canada,0.33
2012,Americas,Chile,2.8
2012,Americas,Colombia,2.1
2012,Americas,Costa Rica,1.2
2012,Americas,Cuba,0.37
2012,Americas,Dominica,5.8
2012,Americas,Dominican Republic,6
2012,Americas,Ecuador,3.8
2012,Americas,El Salvador,1.6
2012,Americas,Grenada,0.97
2012,Americas,Guatemala,1.8
2012,Americas,Guyana,17
2012,Americas,Haiti,22
2012,Americas,Honduras,1.2
2012,Americas,Jamaica,0.23
2012,Americas,Mexico,2
2012,Americas,Nicaragua,3.5
2012,Americas,Panama,5.8
2012,Americas,Paraguay,3.8
2012,Americas,Peru,7.1
2012,Americas,Saint Kitts and Nevis,2.4
2012,Americas,Saint Lucia,0.67
2012,Americas,Saint Vincent and the Grenadines,3.8
2012,Americas,Suriname,2.5
2012,Americas,Trinidad and Tobago,1.9
2012,Americas,United States of America,0.17
2012,Americas,Uruguay,1.4
2012,Americas,Venezuela (Bolivarian Republic of),2.2
2012,South-East Asia,Bangladesh,53
2012,South-East Asia,Bhutan,19
2012,South-East Asia,Democratic People's Republic of Korea,51
2012,South-East Asia,India,38
2012,South-East Asia,Indonesia,42
2012,South-East Asia,Maldives,4.1
2012,South-East Asia,Myanmar,49
2012,South-East Asia,Nepal,17
2012,South-East Asia,Sri Lanka,5.9
2012,South-East Asia,Thailand,12
2012,South-East Asia,Timor-Leste,75
2012,Europe,Albania,0.18
2012,Europe,Andorra,1.1
2012,Europe,Armenia,6
2012,Europe,Austria,0.5
2012,Europe,Azerbaijan,0.71
2012,Europe,Belarus,7.9
2012,Europe,Belgium,0.53
2012,Europe,Bosnia and Herzegovina,4.6
2012,Europe,Bulgaria,2.4
2012,Europe,Croatia,1.4
2012,Europe,Cyprus,0.43
2012,Europe,Czechia,0.29
2012,Europe,Denmark,0.41
2012,Europe,Estonia,2.7
2012,Europe,Finland,0.91
2012,Europe,France,0.88
2012,Europe,Georgia,6.6
2012,Europe,Germany,0.46
2012,Europe,Greece,1
2012,Europe,Hungary,1.3
2012,Europe,Iceland,3
2012,Europe,Ireland,0.58
2012,Europe,Israel,0.29
2012,Europe,Italy,0.56
2012,Europe,Kazakhstan,11
2012,Europe,Kyrgyzstan,11
2012,Europe,Latvia,3.1
2012,Europe,Lithuania,8.6
2012,Europe,Luxembourg,0.19
2012,Europe,Malta,0.24
2012,Europe,Monaco,0.13
2012,Europe,Netherlands,0.21
2012,Europe,Norway,0.44
2012,Europe,Poland,1.8
2012,Europe,Portugal,2.2
2012,Europe,Republic of Moldova,12
2012,Europe,Romania,6.3
2012,Europe,Russian Federation,13
2012,Europe,San Marino,0
2012,Europe,Serbia,1.8
2012,Europe,Slovakia,0.32
2012,Europe,Slovenia,0.78
2012,Europe,Spain,0.7
2012,Europe,Sweden,0.41
2012,Europe,Switzerland,0.29
2012,Europe,Tajikistan,3.7
2012,Europe,The former Yugoslav republic of Macedonia,1.5
2012,Europe,Turkey,1.1
2012,Europe,Turkmenistan,9.5
2012,Europe,Ukraine,16
2012,Europe,United Kingdom of Great Britain and Northern Ireland,0.52
2012,Europe,Uzbekistan,13
2012,Europe,Montenegro,0.16
2012,Eastern Mediterranean,Afghanistan,42
2012,Eastern Mediterranean,Bahrain,0.39
2012,Eastern Mediterranean,Djibouti,50
2012,Eastern Mediterranean,Egypt,0.66
2012,Eastern Mediterranean,Iran (Islamic Republic of),1.9
2012,Eastern Mediterranean,Iraq,2.4
2012,Eastern Mediterranean,Jordan,0.3
2012,Eastern Mediterranean,Kuwait,0.78
2012,Eastern Mediterranean,Lebanon,0.59
2012,Eastern Mediterranean,Libya,6.8
2012,Eastern Mediterranean,Morocco,8.4
2012,Eastern Mediterranean,Oman,0.77
2012,Eastern Mediterranean,Pakistan,28
2012,Eastern Mediterranean,Qatar,0.39
2012,Eastern Mediterranean,Saudi Arabia,2.5
2012,Eastern Mediterranean,Somalia,73
2012,Eastern Mediterranean,Sudan,23
2012,Eastern Mediterranean,Syrian Arab Republic,0.11
2012,Eastern Mediterranean,Tunisia,2.1
2012,Eastern Mediterranean,United Arab Emirates,0.54
2012,Eastern Mediterranean,Yemen,4.9
2012,Western Pacific,Australia,0.15
2012,Western Pacific,Brunei Darussalam,4.1
2012,Western Pacific,Cambodia,64
2012,Western Pacific,China,3.3
2012,Western Pacific,Cook Islands,0.46
2012,Western Pacific,Fiji,4.2
2012,Western Pacific,Japan,2.8
2012,Western Pacific,Kiribati,20
2012,Western Pacific,Lao People's Democratic Republic,60
2012,Western Pacific,Malaysia,7.5
2012,Western Pacific,Marshall Islands,38
2012,Western Pacific,Micronesia (Federated States of),19
2012,Western Pacific,Mongolia,20
2012,Western Pacific,Nauru,5.5
2012,Western Pacific,New Zealand,0.23
2012,Western Pacific,Niue,0
2012,Western Pacific,Palau,1.8
2012,Western Pacific,Papua New Guinea,61
2012,Western Pacific,Philippines,23
2012,Western Pacific,Republic of Korea,6.1
2012,Western Pacific,Samoa,1.1
2012,Western Pacific,Singapore,1.5
2012,Western Pacific,Solomon Islands,9
2012,Western Pacific,Tonga,0.99
2012,Western Pacific,Tuvalu,18
2012,Western Pacific,Vanuatu,7.6
2012,Western Pacific,Viet Nam,20
2013,Africa,Algeria,7.4
2013,Africa,Angola,43
2013,Africa,Benin,10
2013,Africa,Botswana,21
2013,Africa,Burkina Faso,9.3
2013,Africa,Burundi,23
2013,Africa,Cameroon,34
2013,Africa,Cabo Verde,5.2
2013,Africa,Central African Republic,43
2013,Africa,Chad,21
2013,Africa,Comoros,8
2013,Africa,Congo,42
2013,Africa,C?te d'Ivoire,21
2013,Africa,Democratic Republic of the Congo,65
2013,Africa,Equatorial Guinea,7.7
2013,Africa,Eritrea,17
2013,Africa,Ethiopia,36
2013,Africa,Gabon,50
2013,Africa,Gambia,21
2013,Africa,Ghana,37
2013,Africa,Guinea,29
2013,Africa,Guinea-Bissau,70
2013,Africa,Kenya,18
2013,Africa,Lesotho,56
2013,Africa,Liberia,54
2013,Africa,Madagascar,51
2013,Africa,Malawi,18
2013,Africa,Mali,11
2013,Africa,Mauritania,23
2013,Africa,Mauritius,1.4
2013,Africa,Mozambique,71
2013,Africa,Namibia,31
2013,Africa,Niger,18
2013,Africa,Nigeria,97
2013,Africa,Rwanda,6.7
2013,Africa,Sao Tome and Principe,5.9
2013,Africa,Senegal,20
2013,Africa,Seychelles,2.1
2013,Africa,Sierra Leone,50
2013,Africa,South Africa,49
2013,Africa,Swaziland,46
2013,Africa,Togo,10
2013,Africa,Uganda,11
2013,Africa,United Republic of Tanzania,59
2013,Africa,Zambia,32
2013,Africa,Zimbabwe,13
2013,Africa,South Sudan,34
2013,Americas,Antigua and Barbuda,1.4
2013,Americas,Argentina,1.6
2013,Americas,Bahamas,0.28
2013,Americas,Barbados,0.25
2013,Americas,Belize,4.4
2013,Americas,Bolivia (Plurinational State of),3.2
2013,Americas,Brazil,2.8
2013,Americas,Canada,0.31
2013,Americas,Chile,2.7
2013,Americas,Colombia,2.1
2013,Americas,Costa Rica,0.94
2013,Americas,Cuba,0.42
2013,Americas,Dominica,4.3
2013,Americas,Dominican Republic,4.8
2013,Americas,Ecuador,3.5
2013,Americas,El Salvador,1.8
2013,Americas,Grenada,0.95
2013,Americas,Guatemala,2.2
2013,Americas,Guyana,16
2013,Americas,Haiti,19
2013,Americas,Honduras,1.1
2013,Americas,Jamaica,0.24
2013,Americas,Mexico,2
2013,Americas,Nicaragua,2.9
2013,Americas,Panama,6.1
2013,Americas,Paraguay,4
2013,Americas,Peru,6.3
2013,Americas,Saint Kitts and Nevis,0
2013,Americas,Saint Lucia,2.1
2013,Americas,Saint Vincent and the Grenadines,0.93
2013,Americas,Suriname,2.8
2013,Americas,Trinidad and Tobago,1.8
2013,Americas,United States of America,0.19
2013,Americas,Uruguay,2
2013,Americas,Venezuela (Bolivarian Republic of),2.2
2013,South-East Asia,Bangladesh,49
2013,South-East Asia,Bhutan,18
2013,South-East Asia,Democratic People's Republic of Korea,54
2013,South-East Asia,India,38
2013,South-East Asia,Indonesia,42
2013,South-East Asia,Maldives,4.1
2013,South-East Asia,Myanmar,53
2013,South-East Asia,Nepal,19
2013,South-East Asia,Sri Lanka,5.8
2013,South-East Asia,Thailand,12
2013,South-East Asia,Timor-Leste,80
2013,Europe,Albania,0.2
2013,Europe,Andorra,0.62
2013,Europe,Armenia,4.7
2013,Europe,Austria,0.8
2013,Europe,Azerbaijan,0.62
2013,Europe,Belarus,6.8
2013,Europe,Belgium,0.5
2013,Europe,Bosnia and Herzegovina,4.1
2013,Europe,Bulgaria,2.1
2013,Europe,Croatia,1.3
2013,Europe,Cyprus,0.11
2013,Europe,Czechia,0.63
2013,Europe,Denmark,0.4
2013,Europe,Estonia,1.9
2013,Europe,Finland,0.57
2013,Europe,France,0.89
2013,Europe,Georgia,5.2
2013,Europe,Germany,0.47
2013,Europe,Greece,0.97
2013,Europe,Hungary,0.99
2013,Europe,Iceland,3.3
2013,Europe,Ireland,0.49
2013,Europe,Israel,0.19
2013,Europe,Italy,0.55
2013,Europe,Kazakhstan,9.5
2013,Europe,Kyrgyzstan,11
2013,Europe,Latvia,5.2
2013,Europe,Lithuania,7.2
2013,Europe,Luxembourg,0.19
2013,Europe,Malta,0.72
2013,Europe,Monaco,0.06
2013,Europe,Netherlands,0.24
2013,Europe,Norway,0.4
2013,Europe,Poland,1.5
2013,Europe,Portugal,2.2
2013,Europe,Republic of Moldova,8.7
2013,Europe,Romania,5.8
2013,Europe,Russian Federation,12
2013,Europe,San Marino,0
2013,Europe,Serbia,1.6
2013,Europe,Slovakia,0.38
2013,Europe,Slovenia,0.81
2013,Europe,Spain,0.64
2013,Europe,Sweden,0.45
2013,Europe,Switzerland,0.24
2013,Europe,Tajikistan,4.2
2013,Europe,The former Yugoslav republic of Macedonia,1.4
2013,Europe,Turkey,0.99
2013,Europe,Turkmenistan,8.6
2013,Europe,Ukraine,14
2013,Europe,United Kingdom of Great Britain and Northern Ireland,0.54
2013,Europe,Uzbekistan,5.9
2013,Europe,Montenegro,0.19
2013,Eastern Mediterranean,Afghanistan,41
2013,Eastern Mediterranean,Bahrain,0.47
2013,Eastern Mediterranean,Djibouti,45
2013,Eastern Mediterranean,Egypt,0.32
2013,Eastern Mediterranean,Iran (Islamic Republic of),1.9
2013,Eastern Mediterranean,Iraq,2.3
2013,Eastern Mediterranean,Jordan,0.3
2013,Eastern Mediterranean,Kuwait,0.21
2013,Eastern Mediterranean,Lebanon,1.2
2013,Eastern Mediterranean,Libya,8.3
2013,Eastern Mediterranean,Morocco,8.7
2013,Eastern Mediterranean,Oman,0.6
2013,Eastern Mediterranean,Pakistan,27
2013,Eastern Mediterranean,Qatar,0.3
2013,Eastern Mediterranean,Saudi Arabia,2.2
2013,Eastern Mediterranean,Somalia,70
2013,Eastern Mediterranean,Sudan,22
2013,Eastern Mediterranean,Syrian Arab Republic,0.1
2013,Eastern Mediterranean,Tunisia,1.9
2013,Eastern Mediterranean,United Arab Emirates,0.45
2013,Eastern Mediterranean,Yemen,4.4
2013,Western Pacific,Australia,0.22
2013,Western Pacific,Brunei Darussalam,5.4
2013,Western Pacific,Cambodia,61
2013,Western Pacific,China,3
2013,Western Pacific,Cook Islands,0.91
2013,Western Pacific,Fiji,5
2013,Western Pacific,Japan,2.7
2013,Western Pacific,Kiribati,23
2013,Western Pacific,Lao People's Democratic Republic,57
2013,Western Pacific,Malaysia,8
2013,Western Pacific,Marshall Islands,39
2013,Western Pacific,Micronesia (Federated States of),22
2013,Western Pacific,Mongolia,21
2013,Western Pacific,Nauru,6.4
2013,Western Pacific,New Zealand,0.21
2013,Western Pacific,Niue,0
2013,Western Pacific,Palau,3.6
2013,Western Pacific,Papua New Guinea,53
2013,Western Pacific,Philippines,21
2013,Western Pacific,Republic of Korea,5.5
2013,Western Pacific,Samoa,1.1
2013,Western Pacific,Singapore,1.2
2013,Western Pacific,Solomon Islands,8.8
2013,Western Pacific,Tonga,0.9
2013,Western Pacific,Tuvalu,17
2013,Western Pacific,Vanuatu,7.4
2013,Western Pacific,Viet Nam,19
2015,Africa,Algeria,8.2
2015,Africa,Angola,45
2015,Africa,Benin,9.5
2015,Africa,Botswana,26
2015,Africa,Burkina Faso,9
2015,Africa,Burundi,24
2015,Africa,Cameroon,30
2015,Africa,Cabo Verde,5.3
2015,Africa,Central African Republic,45
2015,Africa,Chad,23
2015,Africa,Comoros,7.8
2015,Africa,Congo,49
2015,Africa,C?te d'Ivoire,22
2015,Africa,Democratic Republic of the Congo,66
2015,Africa,Equatorial Guinea,7.5
2015,Africa,Eritrea,12
2015,Africa,Ethiopia,26
2015,Africa,Gabon,65
2015,Africa,Gambia,20
2015,Africa,Ghana,37
2015,Africa,Guinea,28
2015,Africa,Guinea-Bissau,85
2015,Africa,Kenya,20
2015,Africa,Lesotho,55
2015,Africa,Liberia,70
2015,Africa,Madagascar,49
2015,Africa,Malawi,13
2015,Africa,Mali,9.4
2015,Africa,Mauritania,21
2015,Africa,Mauritius,1.5
2015,Africa,Mozambique,74
2015,Africa,Namibia,32
2015,Africa,Niger,19
2015,Africa,Nigeria,99
2015,Africa,Rwanda,3.8
2015,Africa,Sao Tome and Principe,3.6
2015,Africa,Senegal,23
2015,Africa,Seychelles,0
2015,Africa,Sierra Leone,51
2015,Africa,South Africa,46
2015,Africa,Swaziland,31
2015,Africa,Togo,6.4
2015,Africa,Uganda,14
2015,Africa,United Republic of Tanzania,56
2015,Africa,Zambia,31
2015,Africa,Zimbabwe,11
2015,Africa,South Sudan,28
2015,Americas,Antigua and Barbuda,1.3
2015,Americas,Argentina,1.6
2015,Americas,Bahamas,0.49
2015,Americas,Barbados,0.33
2015,Americas,Belize,2.4
2015,Americas,Bolivia (Plurinational State of),3.2
2015,Americas,Brazil,2.7
2015,Americas,Canada,0.29
2015,Americas,Chile,2.6
2015,Americas,Colombia,2.1
2015,Americas,Costa Rica,1
2015,Americas,Cuba,0.41
2015,Americas,Dominica,4.7
2015,Americas,Dominican Republic,4.6
2015,Americas,Ecuador,3.1
2015,Americas,El Salvador,1.9
2015,Americas,Grenada,0.97
2015,Americas,Guatemala,2
2015,Americas,Guyana,14
2015,Americas,Haiti,18
2015,Americas,Honduras,1.1
2015,Americas,Jamaica,0.24
2015,Americas,Mexico,2.1
2015,Americas,Nicaragua,2.5
2015,Americas,Panama,6.1
2015,Americas,Paraguay,4
2015,Americas,Peru,6.2
2015,Americas,Saint Kitts and Nevis,2.5
2015,Americas,Saint Lucia,0.74
2015,Americas,Saint Vincent and the Grenadines,1.5
2015,Americas,Suriname,2.6
2015,Americas,Trinidad and Tobago,1.5
2015,Americas,United States of America,0.18
2015,Americas,Uruguay,2
2015,Americas,Venezuela (Bolivarian Republic of),2.3
2015,South-East Asia,Bangladesh,45
2015,South-East Asia,Bhutan,16
2015,South-East Asia,Democratic People's Republic of Korea,61
2015,South-East Asia,India,36
2015,South-East Asia,Indonesia,40
2015,South-East Asia,Maldives,5.4
2015,South-East Asia,Myanmar,49
2015,South-East Asia,Nepal,20
2015,South-East Asia,Sri Lanka,5.6
2015,South-East Asia,Thailand,12
2015,South-East Asia,Timor-Leste,100
2015,Europe,Albania,0.35
2015,Europe,Andorra,0.54
2015,Europe,Armenia,3
2015,Europe,Austria,0.91
2015,Europe,Azerbaijan,0.39
2015,Europe,Belarus,4.8
2015,Europe,Belgium,0.47
2015,Europe,Bosnia and Herzegovina,3
2015,Europe,Bulgaria,1.3
2015,Europe,Croatia,0.78
2015,Europe,Cyprus,0.1
2015,Europe,Czechia,0.37
2015,Europe,Denmark,0.35
2015,Europe,Estonia,1.9
2015,Europe,Finland,0.68
2015,Europe,France,0.8
2015,Europe,Georgia,3.9
2015,Europe,Germany,0.39
2015,Europe,Greece,0.84
2015,Europe,Hungary,0.77
2015,Europe,Iceland,2.1
2015,Europe,Ireland,0.36
2015,Europe,Israel,0.19
2015,Europe,Italy,0.55
2015,Europe,Kazakhstan,7.8
2015,Europe,Kyrgyzstan,12
2015,Europe,Latvia,3.2
2015,Europe,Lithuania,7.9
2015,Europe,Luxembourg,0.16
2015,Europe,Malta,0.24
2015,Europe,Monaco,0
2015,Europe,Netherlands,0.2
2015,Europe,Norway,0.21
2015,Europe,Poland,1.4
2015,Europe,Portugal,2.1
2015,Europe,Republic of Moldova,7.7
2015,Europe,Romania,5.5
2015,Europe,Russian Federation,11
2015,Europe,San Marino,0
2015,Europe,Serbia,1.2
2015,Europe,Slovakia,0.59
2015,Europe,Slovenia,0.75
2015,Europe,Spain,0.57
2015,Europe,Sweden,0.28
2015,Europe,Switzerland,0.2
2015,Europe,Tajikistan,2.6
2015,Europe,The former Yugoslav republic of Macedonia,0.41
2015,Europe,Turkey,0.94
2015,Europe,Turkmenistan,8.5
2015,Europe,Ukraine,11
2015,Europe,United Kingdom of Great Britain and Northern Ireland,0.46
2015,Europe,Uzbekistan,8.8
2015,Europe,Montenegro,0.41
2015,Eastern Mediterranean,Afghanistan,37
2015,Eastern Mediterranean,Bahrain,0.44
2015,Eastern Mediterranean,Djibouti,39
2015,Eastern Mediterranean,Egypt,0.24
2015,Eastern Mediterranean,Iran (Islamic Republic of),1.7
2015,Eastern Mediterranean,Iraq,2.4
2015,Eastern Mediterranean,Jordan,0.35
2015,Eastern Mediterranean,Kuwait,0.14
2015,Eastern Mediterranean,Lebanon,1
2015,Eastern Mediterranean,Libya,11
2015,Eastern Mediterranean,Morocco,9.4
2015,Eastern Mediterranean,Oman,0.52
2015,Eastern Mediterranean,Pakistan,23
2015,Eastern Mediterranean,Qatar,0.32
2015,Eastern Mediterranean,Saudi Arabia,2.1
2015,Eastern Mediterranean,Somalia,65
2015,Eastern Mediterranean,Sudan,18
2015,Eastern Mediterranean,Syrian Arab Republic,0.11
2015,Eastern Mediterranean,Tunisia,2.1
2015,Eastern Mediterranean,United Arab Emirates,0.47
2015,Eastern Mediterranean,Yemen,5.9
2015,Western Pacific,Australia,0.18
2015,Western Pacific,Brunei Darussalam,5.3
2015,Western Pacific,Cambodia,55
2015,Western Pacific,China,2.6
2015,Western Pacific,Cook Islands,1.4
2015,Western Pacific,Fiji,7.1
2015,Western Pacific,Japan,2.5
2015,Western Pacific,Kiribati,27
2015,Western Pacific,Lao People's Democratic Republic,49
2015,Western Pacific,Malaysia,7.9
2015,Western Pacific,Marshall Islands,44
2015,Western Pacific,Micronesia (Federated States of),14
2015,Western Pacific,Mongolia,22
2015,Western Pacific,Nauru,9.2
2015,Western Pacific,New Zealand,0.22
2015,Western Pacific,Niue,3.5
2015,Western Pacific,Palau,6.2
2015,Western Pacific,Papua New Guinea,40
2015,Western Pacific,Philippines,13
2015,Western Pacific,Republic of Korea,5.1
2015,Western Pacific,Samoa,0.93
2015,Western Pacific,Singapore,1.2
2015,Western Pacific,Solomon Islands,9.8
2015,Western Pacific,Tonga,1.2
2015,Western Pacific,Tuvalu,19
2015,Western Pacific,Vanuatu,6.4
2015,Western Pacific,Viet Nam,17
2014,Africa,Algeria,7.9
2014,Africa,Angola,50
2014,Africa,Benin,9.9
2014,Africa,Botswana,23
2014,Africa,Burkina Faso,9.3
2014,Africa,Burundi,24
2014,Africa,Cameroon,31
2014,Africa,Cabo Verde,5.3
2014,Africa,Central African Republic,41
2014,Africa,Chad,23
2014,Africa,Comoros,6.9
2014,Africa,Congo,47
2014,Africa,C?te d'Ivoire,22
2014,Africa,Democratic Republic of the Congo,65
2014,Africa,Equatorial Guinea,7.8
2014,Africa,Eritrea,14
2014,Africa,Ethiopia,36
2014,Africa,Gabon,54
2014,Africa,Gambia,18
2014,Africa,Ghana,38
2014,Africa,Guinea,29
2014,Africa,Guinea-Bissau,68
2014,Africa,Kenya,18
2014,Africa,Lesotho,54
2014,Africa,Liberia,74
2014,Africa,Madagascar,49
2014,Africa,Malawi,16
2014,Africa,Mali,10
2014,Africa,Mauritania,21
2014,Africa,Mauritius,1.4
2014,Africa,Mozambique,73
2014,Africa,Namibia,30
2014,Africa,Niger,18
2014,Africa,Nigeria,96
2014,Africa,Rwanda,4.9
2014,Africa,Sao Tome and Principe,6.5
2014,Africa,Senegal,21
2014,Africa,Seychelles,0
2014,Africa,Sierra Leone,47
2014,Africa,South Africa,47
2014,Africa,Swaziland,38
2014,Africa,Togo,8.6
2014,Africa,Uganda,12
2014,Africa,United Republic of Tanzania,60
2014,Africa,Zambia,31
2014,Africa,Zimbabwe,13
2014,Africa,South Sudan,30
2014,Americas,Antigua and Barbuda,0.66
2014,Americas,Argentina,1.6
2014,Americas,Bahamas,0.41
2014,Americas,Barbados,0.33
2014,Americas,Belize,2.6
2014,Americas,Bolivia (Plurinational State of),3.2
2014,Americas,Brazil,2.7
2014,Americas,Canada,0.29
2014,Americas,Chile,2.7
2014,Americas,Colombia,2.1
2014,Americas,Costa Rica,1.1
2014,Americas,Cuba,0.4
2014,Americas,Dominica,4.7
2014,Americas,Dominican Republic,4.8
2014,Americas,Ecuador,3.3
2014,Americas,El Salvador,2.4
2014,Americas,Grenada,0.97
2014,Americas,Guatemala,2.1
2014,Americas,Guyana,13
2014,Americas,Haiti,21
2014,Americas,Honduras,1.1
2014,Americas,Jamaica,0.21
2014,Americas,Mexico,2.1
2014,Americas,Nicaragua,2.7
2014,Americas,Panama,6.1
2014,Americas,Paraguay,4
2014,Americas,Peru,6.3
2014,Americas,Saint Kitts and Nevis,6.2
2014,Americas,Saint Lucia,3
2014,Americas,Saint Vincent and the Grenadines,1.6
2014,Americas,Suriname,2.9
2014,Americas,Trinidad and Tobago,1.9
2014,Americas,United States of America,0.18
2014,Americas,Uruguay,1.9
2014,Americas,Venezuela (Bolivarian Republic of),2.1
2014,South-East Asia,Bangladesh,50
2014,South-East Asia,Bhutan,18
2014,South-East Asia,Democratic People's Republic of Korea,56
2014,South-East Asia,India,37
2014,South-East Asia,Indonesia,41
2014,South-East Asia,Maldives,4.5
2014,South-East Asia,Myanmar,50
2014,South-East Asia,Nepal,17
2014,South-East Asia,Sri Lanka,5.6
2014,South-East Asia,Thailand,12
2014,South-East Asia,Timor-Leste,87
2014,Europe,Albania,0.36
2014,Europe,Andorra,0.78
2014,Europe,Armenia,3.5
2014,Europe,Austria,0.83
2014,Europe,Azerbaijan,0.47
2014,Europe,Belarus,5.3
2014,Europe,Belgium,0.49
2014,Europe,Bosnia and Herzegovina,3.6
2014,Europe,Bulgaria,1.4
2014,Europe,Croatia,0.95
2014,Europe,Cyprus,0.1
2014,Europe,Czechia,0.37
2014,Europe,Denmark,0.35
2014,Europe,Estonia,2.2
2014,Europe,Finland,0.74
2014,Europe,France,0.85
2014,Europe,Georgia,4
2014,Europe,Germany,0.4
2014,Europe,Greece,0.95
2014,Europe,Hungary,0.88
2014,Europe,Iceland,2.4
2014,Europe,Ireland,0.41
2014,Europe,Israel,0.22
2014,Europe,Italy,0.55
2014,Europe,Kazakhstan,8.6
2014,Europe,Kyrgyzstan,12
2014,Europe,Latvia,3.4
2014,Europe,Lithuania,7.9
2014,Europe,Luxembourg,0.18
2014,Europe,Malta,0.24
2014,Europe,Monaco,0
2014,Europe,Netherlands,0.23
2014,Europe,Norway,0.25
2014,Europe,Poland,1.5
2014,Europe,Portugal,2.1
2014,Europe,Republic of Moldova,8.7
2014,Europe,Romania,5.8
2014,Europe,Russian Federation,12
2014,Europe,San Marino,0
2014,Europe,Serbia,1.3
2014,Europe,Slovakia,0.64
2014,Europe,Slovenia,0.83
2014,Europe,Spain,0.62
2014,Europe,Sweden,0.31
2014,Europe,Switzerland,0.22
2014,Europe,Tajikistan,3
2014,Europe,The former Yugoslav republic of Macedonia,1.1
2014,Europe,Turkey,0.97
2014,Europe,Turkmenistan,9
2014,Europe,Ukraine,12
2014,Europe,United Kingdom of Great Britain and Northern Ireland,0.48
2014,Europe,Uzbekistan,7.5
2014,Europe,Montenegro,0.18
2014,Eastern Mediterranean,Afghanistan,41
2014,Eastern Mediterranean,Bahrain,0.47
2014,Eastern Mediterranean,Djibouti,32
2014,Eastern Mediterranean,Egypt,0.3
2014,Eastern Mediterranean,Iran (Islamic Republic of),1.7
2014,Eastern Mediterranean,Iraq,2.2
2014,Eastern Mediterranean,Jordan,0.33
2014,Eastern Mediterranean,Kuwait,0.21
2014,Eastern Mediterranean,Lebanon,1.1
2014,Eastern Mediterranean,Libya,9.3
2014,Eastern Mediterranean,Morocco,8.9
2014,Eastern Mediterranean,Oman,0.6
2014,Eastern Mediterranean,Pakistan,26
2014,Eastern Mediterranean,Qatar,0.23
2014,Eastern Mediterranean,Saudi Arabia,2.1
2014,Eastern Mediterranean,Somalia,67
2014,Eastern Mediterranean,Sudan,20
2014,Eastern Mediterranean,Syrian Arab Republic,0.13
2014,Eastern Mediterranean,Tunisia,2
2014,Eastern Mediterranean,United Arab Emirates,0.48
2014,Eastern Mediterranean,Yemen,5.9
2014,Western Pacific,Australia,0.2
2014,Western Pacific,Brunei Darussalam,4.8
2014,Western Pacific,Cambodia,58
2014,Western Pacific,China,2.8
2014,Western Pacific,Cook Islands,1.4
2014,Western Pacific,Fiji,7.4
2014,Western Pacific,Japan,2.6
2014,Western Pacific,Kiribati,23
2014,Western Pacific,Lao People's Democratic Republic,52
2014,Western Pacific,Malaysia,8.1
2014,Western Pacific,Marshall Islands,37
2014,Western Pacific,Micronesia (Federated States of),25
2014,Western Pacific,Mongolia,21
2014,Western Pacific,Nauru,7.4
2014,Western Pacific,New Zealand,0.23
2014,Western Pacific,Niue,0
2014,Western Pacific,Palau,6.2
2014,Western Pacific,Papua New Guinea,39
2014,Western Pacific,Philippines,19
2014,Western Pacific,Republic of Korea,5.2
2014,Western Pacific,Samoa,1.1
2014,Western Pacific,Singapore,1.4
2014,Western Pacific,Solomon Islands,8.3
2014,Western Pacific,Tonga,1.2
2014,Western Pacific,Tuvalu,14
2014,Western Pacific,Vanuatu,9.6
2014,Western Pacific,Viet Nam,18
